players,cards,pressure,policy,trials,ultimate_median_when_reached,ultimate_unreached_fraction,drains_per_trial,basic_attack_fraction,fully_charged_fraction,ability_uses_per_hero,held_cards_mean,charge_above_threshold_mean,charge_lost_per_drain
3,25,none,basic_only,7,4,0.0,1.0,1.0,0.25,0.0,9.5,,18.0
3,25,none,spend_early,7,4,0.2857142857142857,1.5714285714285714,0.20833333333333334,0.0,6.333333333333333,6.434523809523809,1.7669172932330828,16.181818181818183
3,25,none,save_ultimate,7,4,0.0,1.0,0.7738095238095238,0.005952380952380952,1.8095238095238095,6.916666666666667,0.0,18.0
3,25,none,adaptive,7,4,0.09523809523809523,1.0,0.5,0.0,4.0,6.613095238095238,0.2976190476190476,17.285714285714285
3,25,none,cooperative,7,4,0.09523809523809523,1.0,0.47619047619047616,0.0,4.190476190476191,6.595238095238095,0.3068181818181818,17.285714285714285
3,25,none,overburn,7,4,0.47619047619047616,2.0,0.6309523809523809,0.0,2.9523809523809526,5.089285714285714,0.3387096774193548,14.357142857142858
3,25,none,sustain,7,4.0,0.047619047619047616,1.0,0.7857142857142857,0.14285714285714285,1.7142857142857142,8.273809523809524,0.6666666666666666,17.857142857142858
3,25,deck,basic_only,7,4.5,0.14285714285714285,1.0,1.0,0.0,0.0,6.541666666666667,,16.571428571428573
3,25,deck,spend_early,7,5.0,0.8095238095238095,2.0,0.25595238095238093,0.0,5.9523809523809526,4.755952380952381,1.16,13.285714285714286
3,25,deck,save_ultimate,7,4,0.19047619047619047,1.5714285714285714,0.8630952380952381,0.0,1.0952380952380953,6.511904761904762,0.0,16.545454545454547
3,25,deck,adaptive,7,4.0,0.3333333333333333,2.0,0.6309523809523809,0.0,2.9523809523809526,5.4523809523809526,0.3548387096774194,14.5
3,25,deck,cooperative,7,4,0.47619047619047616,2.0,0.5952380952380952,0.0,3.238095238095238,5.410714285714286,0.36764705882352944,14.785714285714286
3,25,deck,overburn,7,4.5,0.9047619047619048,2.0,0.7261904761904762,0.0,2.1904761904761907,4.642857142857143,0.32608695652173914,12.785714285714286
3,25,deck,sustain,7,4,0.2857142857142857,1.5714285714285714,0.8214285714285714,0.0,1.4285714285714286,6.613095238095238,0.5,16.09090909090909
3,25,offer,basic_only,7,4,0.09523809523809523,1.0,1.0,0.0,0.0,6.875,,17.714285714285715
3,25,offer,spend_early,7,4.0,0.3333333333333333,2.0,0.24404761904761904,0.0,6.0476190476190474,5.339285714285714,1.4645669291338583,14.785714285714286
3,25,offer,save_ultimate,7,4.0,0.14285714285714285,1.0,0.8333333333333334,0.0,1.3333333333333333,6.648809523809524,0.0,17.0
3,25,offer,adaptive,7,4,0.2857142857142857,1.7142857142857142,0.47619047619047616,0.0,4.190476190476191,6.434523809523809,0.36363636363636365,16.333333333333332
3,25,offer,cooperative,7,4.0,0.14285714285714285,1.7142857142857142,0.47023809523809523,0.0,4.238095238095238,6.434523809523809,0.29213483146067415,16.583333333333332
3,25,offer,overburn,7,4,0.8571428571428571,2.0,0.6666666666666666,0.0,2.6666666666666665,4.9226190476190474,0.35714285714285715,13.357142857142858
3,25,offer,sustain,7,5.0,0.047619047619047616,1.0,0.7559523809523809,0.041666666666666664,1.9523809523809523,7.0476190476190474,0.5365853658536586,17.428571428571427
3,25,prison,basic_only,7,4.5,0.14285714285714285,1.0,1.0,0.0,0.0,6.541666666666667,,16.571428571428573
3,25,prison,spend_early,7,5.0,0.8095238095238095,2.0,0.25595238095238093,0.0,5.9523809523809526,4.755952380952381,1.16,13.285714285714286
3,25,prison,save_ultimate,7,4,0.19047619047619047,1.5714285714285714,0.8630952380952381,0.0,1.0952380952380953,6.511904761904762,0.0,16.545454545454547
3,25,prison,adaptive,7,4.0,0.3333333333333333,2.0,0.6309523809523809,0.0,2.9523809523809526,5.4523809523809526,0.3548387096774194,14.5
3,25,prison,cooperative,7,4,0.47619047619047616,2.0,0.5952380952380952,0.0,3.238095238095238,5.410714285714286,0.36764705882352944,14.785714285714286
3,25,prison,overburn,7,4.5,0.9047619047619048,2.0,0.7261904761904762,0.0,2.1904761904761907,4.642857142857143,0.32608695652173914,12.785714285714286
3,25,prison,sustain,7,4.0,0.3333333333333333,1.5714285714285714,0.8333333333333334,0.0,1.3333333333333333,6.517857142857143,0.35714285714285715,15.909090909090908
3,30,none,basic_only,7,4,0.0,0.0,1.0,0.375,0.0,11.625,,
3,30,none,spend_early,7,4.0,0.14285714285714285,1.0,0.17857142857142858,0.0,6.571428571428571,6.755952380952381,1.7971014492753623,17.428571428571427
3,30,none,save_ultimate,7,4,0.0,1.0,0.7023809523809523,0.11904761904761904,2.380952380952381,7.863095238095238,0.0,18.0
3,30,none,adaptive,7,4,0.09523809523809523,1.0,0.5059523809523809,0.041666666666666664,3.9523809523809526,7.190476190476191,0.25301204819277107,17.714285714285715
3,30,none,cooperative,7,4,0.0,1.0,0.47023809523809523,0.02976190476190476,4.238095238095238,7.095238095238095,0.20224719101123595,18.0
3,30,none,overburn,7,4.0,0.3333333333333333,1.8571428571428572,0.5476190476190477,0.0,3.619047619047619,6.0,0.3815789473684211,15.538461538461538
3,30,none,sustain,7,4,0.0,0.42857142857142855,0.7142857142857143,0.26785714285714285,2.2857142857142856,9.964285714285714,0.6666666666666666,18.0
3,30,deck,basic_only,7,4,0.09523809523809523,1.0,1.0,0.0,0.0,6.875,,17.571428571428573
3,30,deck,spend_early,7,4.0,0.3333333333333333,2.0,0.23809523809523808,0.0,6.095238095238095,5.767857142857143,1.5859375,15.428571428571429
3,30,deck,save_ultimate,7,4,0.09523809523809523,1.0,0.8154761904761905,0.0,1.4761904761904763,6.785714285714286,0.0,17.714285714285715
3,30,deck,adaptive,7,4,0.2857142857142857,1.2857142857142858,0.5059523809523809,0.0,3.9523809523809526,6.511904761904762,0.3373493975903614,16.88888888888889
3,30,deck,cooperative,7,4.0,0.14285714285714285,1.2857142857142858,0.48214285714285715,0.0,4.142857142857143,6.511904761904762,0.2988505747126437,17.11111111111111
3,30,deck,overburn,7,7,0.47619047619047616,2.0,0.6488095238095238,0.0,2.8095238095238093,5.107142857142857,0.3389830508474576,14.071428571428571
3,30,deck,sustain,7,4.0,0.047619047619047616,1.0,0.7202380952380952,0.023809523809523808,2.238095238095238,7.0476190476190474,0.6808510638297872,17.857142857142858
3,30,offer,basic_only,7,4,0.0,1.0,1.0,0.25,0.0,9.625,,18.0
3,30,offer,spend_early,7,4,0.38095238095238093,1.1428571428571428,0.17261904761904762,0.0,6.619047619047619,6.511904761904762,1.6546762589928057,16.625
3,30,offer,save_ultimate,7,4.0,0.14285714285714285,1.0,0.7916666666666666,0.023809523809523808,1.6666666666666667,7.053571428571429,0.0,17.571428571428573
3,30,offer,adaptive,7,5.0,0.047619047619047616,1.0,0.5178571428571429,0.0,3.857142857142857,6.738095238095238,0.30864197530864196,17.857142857142858
3,30,offer,cooperative,7,5,0.0,1.0,0.48214285714285715,0.0,4.142857142857143,6.708333333333333,0.26436781609195403,18.0
3,30,offer,overburn,7,4,0.5714285714285714,2.0,0.6190476190476191,0.0,3.0476190476190474,5.642857142857143,0.328125,14.571428571428571
3,30,offer,sustain,7,5.0,0.047619047619047616,1.0,0.6845238095238095,0.11904761904761904,2.5238095238095237,8.136904761904763,0.660377358490566,17.857142857142858
3,30,prison,basic_only,7,4,0.09523809523809523,1.0,1.0,0.0,0.0,6.875,,17.571428571428573
3,30,prison,spend_early,7,4.0,0.3333333333333333,2.0,0.23809523809523808,0.0,6.095238095238095,5.767857142857143,1.5859375,15.428571428571429
3,30,prison,save_ultimate,7,4,0.09523809523809523,1.0,0.8154761904761905,0.0,1.4761904761904763,6.785714285714286,0.0,17.714285714285715
3,30,prison,adaptive,7,4,0.2857142857142857,1.2857142857142858,0.5059523809523809,0.0,3.9523809523809526,6.511904761904762,0.3373493975903614,16.88888888888889
3,30,prison,cooperative,7,4.0,0.14285714285714285,1.2857142857142858,0.48214285714285715,0.0,4.142857142857143,6.511904761904762,0.2988505747126437,17.11111111111111
3,30,prison,overburn,7,7,0.47619047619047616,2.0,0.6488095238095238,0.0,2.8095238095238093,5.107142857142857,0.3389830508474576,14.071428571428571
3,30,prison,sustain,7,4.0,0.047619047619047616,1.0,0.6964285714285714,0.0,2.4285714285714284,6.845238095238095,0.6274509803921569,17.857142857142858
3,35,none,basic_only,7,5,0.0,0.0,1.0,0.375,0.0,11.625,,
3,35,none,spend_early,7,4,0.0,1.0,0.20833333333333334,0.06547619047619048,6.333333333333333,7.380952380952381,2.0,18.0
3,35,none,save_ultimate,7,5,0.0,1.0,0.5595238095238095,0.2619047619047619,3.5238095238095237,9.773809523809524,0.0,18.0
3,35,none,adaptive,7,5,0.0,1.0,0.4642857142857143,0.13095238095238096,4.285714285714286,8.035714285714286,0.15555555555555556,18.0
3,35,none,cooperative,7,4,0.0,1.0,0.4583333333333333,0.125,4.333333333333333,7.964285714285714,0.17582417582417584,18.0
3,35,none,overburn,7,4.0,0.23809523809523808,1.1428571428571428,0.5,0.0,4.0,6.571428571428571,0.3333333333333333,16.875
3,35,none,sustain,7,5,0.0,0.0,0.6130952380952381,0.375,3.0952380952380953,11.625,0.5230769230769231,
3,35,deck,basic_only,7,5,0.0,1.0,1.0,0.125,0.0,8.0,,18.0
3,35,deck,spend_early,7,4.0,0.23809523809523808,1.0,0.19047619047619047,0.0,6.476190476190476,6.535714285714286,1.7573529411764706,16.571428571428573
3,35,deck,save_ultimate,7,5.0,0.047619047619047616,1.0,0.7976190476190477,0.041666666666666664,1.619047619047619,7.178571428571429,0.0,17.857142857142858
3,35,deck,adaptive,7,4,0.09523809523809523,1.0,0.5416666666666666,0.0,3.6666666666666665,6.875,0.23376623376623376,17.714285714285715
3,35,deck,cooperative,7,4.0,0.047619047619047616,1.0,0.5178571428571429,0.0,3.857142857142857,6.875,0.20987654320987653,17.857142857142858
3,35,deck,overburn,7,4,0.47619047619047616,2.0,0.5892857142857143,0.0,3.2857142857142856,5.857142857142857,0.4057971014492754,15.214285714285714
3,35,deck,sustain,7,4.5,0.047619047619047616,1.0,0.6726190476190477,0.047619047619047616,2.619047619047619,7.291666666666667,0.45454545454545453,17.857142857142858
3,35,offer,basic_only,7,4,0.0,1.0,1.0,0.25,0.0,9.625,,18.0
3,35,offer,spend_early,7,5.0,0.047619047619047616,1.0,0.19047619047619047,0.0,6.476190476190476,6.845238095238095,1.786764705882353,17.714285714285715
3,35,offer,save_ultimate,7,5,0.0,1.0,0.6964285714285714,0.13095238095238096,2.4285714285714284,8.071428571428571,0.0,18.0
3,35,offer,adaptive,7,4.0,0.047619047619047616,1.0,0.5,0.041666666666666664,4.0,7.178571428571429,0.23809523809523808,17.857142857142858
3,35,offer,cooperative,7,4.0,0.047619047619047616,1.0,0.47023809523809523,0.03571428571428571,4.238095238095238,7.125,0.21348314606741572,17.857142857142858
3,35,offer,overburn,7,4,0.2857142857142857,1.7142857142857142,0.5238095238095238,0.0,3.8095238095238093,6.196428571428571,0.3375,16.083333333333332
3,35,offer,sustain,7,4,0.0,1.0,0.6964285714285714,0.19642857142857142,2.4285714285714284,8.857142857142858,0.6078431372549019,18.0
3,35,prison,basic_only,7,5,0.0,1.0,1.0,0.125,0.0,8.0,,18.0
3,35,prison,spend_early,7,4.0,0.23809523809523808,1.0,0.19047619047619047,0.0,6.476190476190476,6.535714285714286,1.7573529411764706,16.571428571428573
3,35,prison,save_ultimate,7,5.0,0.047619047619047616,1.0,0.7976190476190477,0.041666666666666664,1.619047619047619,7.178571428571429,0.0,17.857142857142858
3,35,prison,adaptive,7,4,0.09523809523809523,1.0,0.5416666666666666,0.0,3.6666666666666665,6.875,0.23376623376623376,17.714285714285715
3,35,prison,cooperative,7,4.0,0.047619047619047616,1.0,0.5178571428571429,0.0,3.857142857142857,6.875,0.20987654320987653,17.857142857142858
3,35,prison,overburn,7,4,0.47619047619047616,2.0,0.5892857142857143,0.0,3.2857142857142856,5.857142857142857,0.4057971014492754,15.214285714285714
3,35,prison,sustain,7,4.5,0.047619047619047616,1.0,0.6726190476190477,0.047619047619047616,2.619047619047619,7.291666666666667,0.45454545454545453,17.857142857142858
4,25,none,basic_only,7,4.0,0.07142857142857142,1.0,1.0,0.0,0.0,9.0,,23.714285714285715
4,25,none,spend_early,7,6,0.75,2.0,0.2767857142857143,0.0,5.785714285714286,6.3125,1.1296296296296295,17.357142857142858
4,25,none,save_ultimate,7,4,0.25,1.0,0.8526785714285714,0.0,1.1785714285714286,8.59375,0.0,22.571428571428573
4,25,none,adaptive,7,4.0,0.2857142857142857,2.0,0.5580357142857143,0.0,3.5357142857142856,7.5,0.3333333333333333,20.785714285714285
4,25,none,cooperative,7,4.0,0.21428571428571427,2.0,0.5401785714285714,0.0,3.6785714285714284,7.433035714285714,0.3106796116504854,20.928571428571427
4,25,none,overburn,7,3.5,0.8571428571428571,2.0,0.7098214285714286,0.0,2.3214285714285716,5.973214285714286,0.3230769230769231,16.642857142857142
4,25,none,sustain,7,4.0,0.07142857142857142,1.0,0.84375,0.0,1.25,8.883928571428571,0.5428571428571428,23.714285714285715
4,25,deck,basic_only,7,4,0.32142857142857145,2.0,1.0,0.0,0.0,8.03125,,20.857142857142858
4,25,deck,spend_early,7,5,0.9642857142857143,2.7142857142857144,0.32142857142857145,0.0,5.428571428571429,5.732142857142857,1.0592105263157894,15.052631578947368
4,25,deck,save_ultimate,7,4.0,0.5,2.0,0.9330357142857143,0.0,0.5357142857142857,7.004464285714286,0.0,19.214285714285715
4,25,deck,adaptive,7,3,0.9642857142857143,2.0,0.7098214285714286,0.0,2.3214285714285716,6.151785714285714,0.35384615384615387,17.5
4,25,deck,cooperative,7,6,0.8214285714285714,2.0,0.6919642857142857,0.0,2.4642857142857144,6.09375,0.30434782608695654,17.571428571428573
4,25,deck,overburn,7,3,0.9642857142857143,2.7142857142857144,0.7544642857142857,0.0,1.9642857142857142,5.758928571428571,0.34545454545454546,14.526315789473685
4,25,deck,sustain,7,4.0,0.2857142857142857,1.5714285714285714,0.9151785714285714,0.0,0.6785714285714286,8.084821428571429,0.5789473684210527,20.545454545454547
4,25,offer,basic_only,7,4.0,0.14285714285714285,1.0,1.0,0.0,0.0,8.53125,,22.285714285714285
4,25,offer,spend_early,7,4.5,0.9285714285714286,2.0,0.30357142857142855,0.0,5.571428571428571,5.946428571428571,1.0256410256410255,16.142857142857142
4,25,offer,save_ultimate,7,4.0,0.2857142857142857,1.4285714285714286,0.8660714285714286,0.0,1.0714285714285714,8.308035714285714,0.0,21.8
4,25,offer,adaptive,7,4.0,0.42857142857142855,2.0,0.6294642857142857,0.0,2.9642857142857144,6.754464285714286,0.3132530120481928,19.285714285714285
4,25,offer,cooperative,7,4.0,0.5,2.0,0.6294642857142857,0.0,2.9642857142857144,6.638392857142857,0.3614457831325301,19.285714285714285
4,25,offer,overburn,7,,1.0,2.0,0.7366071428571429,0.0,2.107142857142857,5.90625,0.2711864406779661,15.642857142857142
4,25,offer,sustain,7,4.0,0.14285714285714285,1.0,0.8660714285714286,0.0,1.0714285714285714,8.754464285714286,0.5666666666666667,23.0
4,25,prison,basic_only,7,4,0.32142857142857145,2.0,1.0,0.0,0.0,8.03125,,20.857142857142858
4,25,prison,spend_early,7,5,0.9642857142857143,2.7142857142857144,0.32142857142857145,0.0,5.428571428571429,5.732142857142857,1.0592105263157894,15.052631578947368
4,25,prison,save_ultimate,7,4.0,0.5,2.0,0.9330357142857143,0.0,0.5357142857142857,7.004464285714286,0.0,19.214285714285715
4,25,prison,adaptive,7,3,0.9642857142857143,2.0,0.7098214285714286,0.0,2.3214285714285716,6.151785714285714,0.35384615384615387,17.5
4,25,prison,cooperative,7,6,0.8214285714285714,2.0,0.6919642857142857,0.0,2.4642857142857144,6.09375,0.30434782608695654,17.571428571428573
4,25,prison,overburn,7,3,0.9642857142857143,2.7142857142857144,0.7544642857142857,0.0,1.9642857142857142,5.758928571428571,0.34545454545454546,14.526315789473685
4,25,prison,sustain,7,4,0.32142857142857145,2.0,0.9553571428571429,0.0,0.35714285714285715,7.8125,0.2,20.714285714285715
4,40,none,basic_only,7,4.0,0.0,0.0,1.0,0.375,0.0,15.375,,
4,40,none,spend_early,7,4.5,0.14285714285714285,1.0,0.20089285714285715,0.0,6.392857142857143,8.96875,1.782122905027933,23.428571428571427
4,40,none,save_ultimate,7,4.0,0.0,1.0,0.6696428571428571,0.13839285714285715,2.642857142857143,10.647321428571429,0.0,24.0
4,40,none,adaptive,7,4,0.10714285714285714,1.0,0.49107142857142855,0.0625,4.071428571428571,9.633928571428571,0.22807017543859648,23.571428571428573
4,40,none,cooperative,7,4,0.03571428571428571,1.0,0.4642857142857143,0.05803571428571429,4.285714285714286,9.575892857142858,0.225,23.857142857142858
4,40,none,overburn,7,4.0,0.21428571428571427,2.0,0.53125,0.0,3.75,8.111607142857142,0.3333333333333333,21.428571428571427
4,40,none,sustain,7,4.0,0.0,0.14285714285714285,0.6741071428571429,0.35714285714285715,2.607142857142857,14.973214285714286,0.6712328767123288,24.0
4,40,deck,basic_only,7,4.0,0.0,1.0,1.0,0.125,0.0,10.5,,24.0
4,40,deck,spend_early,7,4,0.25,1.4285714285714286,0.21428571428571427,0.0,6.285714285714286,8.504464285714286,1.7386363636363635,21.9
4,40,deck,save_ultimate,7,5,0.03571428571428571,1.0,0.8125,0.004464285714285714,1.5,9.040178571428571,0.0,23.857142857142858
4,40,deck,adaptive,7,4,0.17857142857142858,1.0,0.5357142857142857,0.0,3.7142857142857144,8.691964285714286,0.3076923076923077,22.142857142857142
4,40,deck,cooperative,7,4,0.10714285714285714,1.0,0.5,0.0,4.0,8.642857142857142,0.25,22.285714285714285
4,40,deck,overburn,7,4.0,0.42857142857142855,2.0,0.6294642857142857,0.0,2.9642857142857144,7.013392857142857,0.37349397590361444,19.5
4,40,deck,sustain,7,5.0,0.0,1.0,0.7366071428571429,0.05803571428571429,2.107142857142857,9.629464285714286,0.4915254237288136,24.0
4,40,offer,basic_only,7,5.0,0.0,1.0,1.0,0.25,0.0,12.6875,,24.0
4,40,offer,spend_early,7,4.0,0.0,1.0,0.19642857142857142,0.0,6.428571428571429,8.611607142857142,1.9111111111111112,22.428571428571427
4,40,offer,save_ultimate,7,5,0.03571428571428571,1.0,0.7544642857142857,0.08035714285714286,1.9642857142857142,9.857142857142858,0.0,23.714285714285715
4,40,offer,adaptive,7,5,0.10714285714285714,1.0,0.5178571428571429,0.0,3.857142857142857,9.0,0.2962962962962963,23.571428571428573
4,40,offer,cooperative,7,4,0.03571428571428571,1.0,0.4732142857142857,0.0,4.214285714285714,9.0,0.2288135593220339,23.857142857142858
4,40,offer,overburn,7,4,0.39285714285714285,2.0,0.5803571428571429,0.0,3.357142857142857,7.629464285714286,0.3191489361702128,20.214285714285715
4,40,offer,sustain,7,5.0,0.0,1.0,0.7053571428571429,0.18303571428571427,2.357142857142857,11.558035714285714,0.7121212121212122,24.0
4,40,prison,basic_only,7,4.0,0.0,1.0,1.0,0.125,0.0,10.5,,24.0
4,40,prison,spend_early,7,4,0.25,1.4285714285714286,0.21428571428571427,0.0,6.285714285714286,8.504464285714286,1.7386363636363635,21.9
4,40,prison,save_ultimate,7,5,0.03571428571428571,1.0,0.8125,0.004464285714285714,1.5,9.040178571428571,0.0,23.857142857142858
4,40,prison,adaptive,7,4,0.17857142857142858,1.0,0.5357142857142857,0.0,3.7142857142857144,8.691964285714286,0.3076923076923077,22.142857142857142
4,40,prison,cooperative,7,4,0.10714285714285714,1.0,0.5,0.0,4.0,8.642857142857142,0.25,22.285714285714285
4,40,prison,overburn,7,4.0,0.42857142857142855,2.0,0.6294642857142857,0.0,2.9642857142857144,7.013392857142857,0.37349397590361444,19.5
4,40,prison,sustain,7,5.0,0.0,1.0,0.7321428571428571,0.05803571428571429,2.142857142857143,9.665178571428571,0.48333333333333334,24.0
4,45,none,basic_only,7,5.0,0.0,0.0,1.0,0.375,0.0,15.375,,
4,45,none,spend_early,7,5.0,0.0,1.0,0.21875,0.0625,6.25,9.633928571428571,2.0,24.0
4,45,none,save_ultimate,7,5.0,0.0,1.0,0.5535714285714286,0.27232142857142855,3.5714285714285716,13.129464285714286,0.0,24.0
4,45,none,adaptive,7,5.0,0.0,1.0,0.48660714285714285,0.13392857142857142,4.107142857142857,10.642857142857142,0.14782608695652175,24.0
4,45,none,cooperative,7,4.0,0.0,1.0,0.47767857142857145,0.125,4.178571428571429,10.428571428571429,0.1452991452991453,24.0
4,45,none,overburn,7,4,0.17857142857142858,1.0,0.5178571428571429,0.0,3.857142857142857,8.553571428571429,0.3148148148148148,22.142857142857142
4,45,none,sustain,7,5.0,0.0,0.0,0.6071428571428571,0.375,3.142857142857143,15.375,0.48863636363636365,
4,45,deck,basic_only,7,4.0,0.0,1.0,1.0,0.25,0.0,12.5625,,24.0
4,45,deck,spend_early,7,4,0.10714285714285714,1.0,0.19642857142857142,0.0,6.428571428571429,8.669642857142858,1.7666666666666666,22.857142857142858
4,45,deck,save_ultimate,7,4.0,0.07142857142857142,1.0,0.7410714285714286,0.07142857142857142,2.0714285714285716,9.741071428571429,0.0,23.714285714285715
4,45,deck,adaptive,7,4.0,0.07142857142857142,1.0,0.5357142857142857,0.0,3.7142857142857144,9.0,0.28846153846153844,23.714285714285715
4,45,deck,cooperative,7,4.0,0.0,1.0,0.5,0.0,4.0,9.0,0.1875,24.0
4,45,deck,overburn,7,4.0,0.21428571428571427,1.8571428571428572,0.5625,0.0,3.5,8.053571428571429,0.3673469387755102,20.923076923076923
4,45,deck,sustain,7,4.0,0.0,1.0,0.6964285714285714,0.11607142857142858,2.4285714285714284,10.321428571428571,0.6176470588235294,24.0
4,45,offer,basic_only,7,4.5,0.0,1.0,1.0,0.25,0.0,12.6875,,24.0
4,45,offer,spend_early,7,4.0,0.0,1.0,0.19196428571428573,0.0,6.464285714285714,9.0,1.9116022099447514,24.0
4,45,offer,save_ultimate,7,4.5,0.0,1.0,0.6741071428571429,0.15178571428571427,2.607142857142857,10.852678571428571,0.0,24.0
4,45,offer,adaptive,7,4,0.03571428571428571,1.0,0.5089285714285714,0.0625,3.9285714285714284,9.633928571428571,0.22727272727272727,23.857142857142858
4,45,offer,cooperative,7,4.0,0.0,1.0,0.49107142857142855,0.05357142857142857,4.071428571428571,9.526785714285714,0.21052631578947367,24.0
4,45,offer,overburn,7,4.0,0.14285714285714285,1.5714285714285714,0.53125,0.0,3.75,8.245535714285714,0.2857142857142857,21.636363636363637
4,45,offer,sustain,7,4.5,0.0,1.0,0.6785714285714286,0.25,2.5714285714285716,12.6875,0.5694444444444444,24.0
4,45,prison,basic_only,7,4.0,0.0,1.0,1.0,0.25,0.0,12.5625,,24.0
4,45,prison,spend_early,7,4,0.10714285714285714,1.0,0.19642857142857142,0.0,6.428571428571429,8.669642857142858,1.7666666666666666,22.857142857142858
4,45,prison,save_ultimate,7,4.0,0.07142857142857142,1.0,0.7410714285714286,0.07142857142857142,2.0714285714285716,9.741071428571429,0.0,23.714285714285715
4,45,prison,adaptive,7,4.0,0.07142857142857142,1.0,0.5357142857142857,0.0,3.7142857142857144,9.0,0.28846153846153844,23.714285714285715
4,45,prison,cooperative,7,4.0,0.0,1.0,0.5,0.0,4.0,9.0,0.1875,24.0
4,45,prison,overburn,7,4.0,0.21428571428571427,1.8571428571428572,0.5625,0.0,3.5,8.053571428571429,0.3673469387755102,20.923076923076923
4,45,prison,sustain,7,4.0,0.0,1.0,0.6964285714285714,0.11607142857142858,2.4285714285714284,10.321428571428571,0.6176470588235294,24.0
5,25,none,basic_only,7,4.0,0.2,1.0,1.0,0.0,0.0,10.525,,27.857142857142858
5,25,none,spend_early,7,,1.0,2.4285714285714284,0.30714285714285716,0.0,5.542857142857143,7.178571428571429,0.9690721649484536,18.529411764705884
5,25,none,save_ultimate,7,4,0.2857142857142857,1.8571428571428572,0.8821428571428571,0.0,0.9428571428571428,9.914285714285715,0.0,26.615384615384617
5,25,none,adaptive,7,6,0.6857142857142857,2.0,0.675,0.0,2.6,7.835714285714285,0.2967032967032967,22.571428571428573
5,25,none,cooperative,7,3.0,0.7714285714285715,2.0,0.6428571428571429,0.0,2.857142857142857,7.710714285714285,0.35,23.428571428571427
5,25,none,overburn,7,,1.0,2.857142857142857,0.7285714285714285,0.0,2.1714285714285713,7.067857142857143,0.4342105263157895,18.45
5,25,none,sustain,7,4,0.17142857142857143,1.0,0.95,0.0,0.4,10.517857142857142,0.07142857142857142,28.0
5,25,deck,basic_only,7,6,0.8,2.0,1.0,0.0,0.0,7.7,,22.285714285714285
5,25,deck,spend_early,7,5,0.9714285714285714,3.0,0.375,0.0,5.0,5.8464285714285715,0.72,15.714285714285714
5,25,deck,save_ultimate,7,4.5,0.8285714285714286,2.0,0.975,0.0,0.2,7.578571428571428,0.0,21.642857142857142
5,25,deck,adaptive,7,3,0.9714285714285714,2.2857142857142856,0.7178571428571429,0.0,2.257142857142857,7.214285714285714,0.4810126582278481,18.375
5,25,deck,cooperative,7,7.0,0.8857142857142857,2.857142857142857,0.6464285714285715,0.0,2.8285714285714287,7.107142857142857,0.36363636363636365,19.2
5,25,deck,overburn,7,,1.0,3.0,0.7892857142857143,0.0,1.6857142857142857,6.021428571428571,0.3389830508474576,16.238095238095237
5,25,deck,sustain,7,4.0,0.6,2.0,0.9285714285714286,0.0,0.5714285714285714,8.471428571428572,0.4,22.785714285714285
5,25,offer,basic_only,7,4.0,0.4857142857142857,2.0,1.0,0.0,0.0,8.825,,24.0
5,25,offer,spend_early,7,5,0.9714285714285714,3.0,0.36428571428571427,0.0,5.085714285714285,6.385714285714286,0.9325842696629213,17.428571428571427
5,25,offer,save_ultimate,7,5.5,0.6,2.0,0.9428571428571428,0.0,0.45714285714285713,8.482142857142858,0.0,23.428571428571427
5,25,offer,adaptive,7,6,0.9714285714285714,2.0,0.7,0.0,2.4,7.357142857142857,0.32142857142857145,20.857142857142858
5,25,offer,cooperative,7,6,0.9142857142857143,2.0,0.6678571428571428,0.0,2.657142857142857,7.339285714285714,0.3548387096774194,21.571428571428573
5,25,offer,overburn,7,3,0.9714285714285714,2.7142857142857144,0.7714285714285715,0.0,1.8285714285714285,6.742857142857143,0.46875,17.210526315789473
5,25,offer,sustain,7,4.0,0.42857142857142855,1.2857142857142858,0.9107142857142857,0.0,0.7142857142857143,9.971428571428572,0.76,25.333333333333332
5,25,prison,basic_only,7,6,0.8,2.0,1.0,0.0,0.0,7.7,,22.285714285714285
5,25,prison,spend_early,7,5,0.9714285714285714,3.0,0.375,0.0,5.0,5.8464285714285715,0.72,15.714285714285714
5,25,prison,save_ultimate,7,4.5,0.8285714285714286,2.0,0.975,0.0,0.2,7.578571428571428,0.0,21.642857142857142
5,25,prison,adaptive,7,3,0.9714285714285714,2.2857142857142856,0.7178571428571429,0.0,2.257142857142857,7.214285714285714,0.4810126582278481,18.375
5,25,prison,cooperative,7,7.0,0.8857142857142857,2.857142857142857,0.6464285714285715,0.0,2.8285714285714287,7.107142857142857,0.36363636363636365,19.2
5,25,prison,overburn,7,,1.0,3.0,0.7892857142857143,0.0,1.6857142857142857,6.021428571428571,0.3389830508474576,16.238095238095237
5,25,prison,sustain,7,7.0,0.8857142857142857,2.0,0.9607142857142857,0.0,0.3142857142857143,7.675,0.0,22.0
5,30,none,basic_only,7,5,0.05714285714285714,1.0,1.0,0.0,0.0,11.125,,29.714285714285715
5,30,none,spend_early,7,6,0.9142857142857143,2.0,0.28214285714285714,0.0,5.742857142857143,7.589285714285714,1.1343283582089552,21.857142857142858
5,30,none,save_ultimate,7,4.0,0.14285714285714285,1.0,0.8642857142857143,0.0,1.0857142857142856,10.621428571428572,0.0,28.571428571428573
5,30,none,adaptive,7,4,0.4,2.0,0.5892857142857143,0.0,3.2857142857142856,9.475,0.3565217391304348,25.071428571428573
5,30,none,cooperative,7,4.0,0.2,2.0,0.5642857142857143,0.0,3.4857142857142858,8.864285714285714,0.3114754098360656,25.928571428571427
5,30,none,overburn,7,,1.0,2.0,0.7428571428571429,0.0,2.057142857142857,7.410714285714286,0.3888888888888889,20.714285714285715
5,30,none,sustain,7,4,0.05714285714285714,1.0,0.8464285714285714,0.0,1.2285714285714286,11.060714285714285,0.5348837209302325,29.571428571428573
5,30,deck,basic_only,7,4.0,0.2571428571428571,2.0,1.0,0.0,0.0,10.5,,27.071428571428573
5,30,deck,spend_early,7,,1.0,2.2857142857142856,0.3142857142857143,0.0,5.485714285714286,7.139285714285714,0.90625,17.875
5,30,deck,save_ultimate,7,4,0.45714285714285713,2.0,0.9285714285714286,0.0,0.5714285714285714,9.2,0.0,24.642857142857142
5,30,deck,adaptive,7,4.0,0.8857142857142857,2.0,0.7142857142857143,0.0,2.2857142857142856,7.735714285714286,0.3625,21.357142857142858
5,30,deck,cooperative,7,4,0.8571428571428571,2.0,0.6928571428571428,0.0,2.4571428571428573,7.5285714285714285,0.43023255813953487,21.714285714285715
5,30,deck,overburn,7,6,0.9714285714285714,2.7142857142857144,0.75,0.0,2.0,7.0285714285714285,0.3,17.68421052631579
5,30,deck,sustain,7,4.0,0.2571428571428571,1.2857142857142858,0.9142857142857143,0.0,0.6857142857142857,10.542857142857143,0.7916666666666666,27.333333333333332
5,30,offer,basic_only,7,4,0.11428571428571428,1.0,1.0,0.0,0.0,10.6,,28.571428571428573
5,30,offer,spend_early,7,6.0,0.8857142857142857,2.0,0.30357142857142855,0.0,5.571428571428571,7.321428571428571,1.1435897435897435,21.214285714285715
5,30,offer,save_ultimate,7,4.0,0.2,1.5714285714285714,0.8571428571428571,0.0,1.1428571428571428,10.432142857142857,0.0,27.363636363636363
5,30,offer,adaptive,7,4,0.5142857142857142,2.0,0.6392857142857142,0.0,2.8857142857142857,8.475,0.37623762376237624,23.714285714285715
5,30,offer,cooperative,7,5.0,0.5428571428571428,2.0,0.6357142857142857,0.0,2.914285714285714,8.307142857142857,0.4215686274509804,24.285714285714285
5,30,offer,overburn,7,4.5,0.8857142857142857,2.142857142857143,0.725,0.0,2.2,7.2214285714285715,0.2987012987012987,19.4
5,30,offer,sustain,7,4,0.17142857142857143,1.0,0.8892857142857142,0.0,0.8857142857142857,10.846428571428572,0.6774193548387096,28.857142857142858
5,30,prison,basic_only,7,4.0,0.2571428571428571,2.0,1.0,0.0,0.0,10.5,,27.071428571428573
5,30,prison,spend_early,7,,1.0,2.2857142857142856,0.3142857142857143,0.0,5.485714285714286,7.139285714285714,0.90625,17.875
5,30,prison,save_ultimate,7,4,0.45714285714285713,2.0,0.9285714285714286,0.0,0.5714285714285714,9.2,0.0,24.642857142857142
5,30,prison,adaptive,7,4.0,0.8857142857142857,2.0,0.7142857142857143,0.0,2.2857142857142856,7.735714285714286,0.3625,21.357142857142858
5,30,prison,cooperative,7,4,0.8571428571428571,2.0,0.6928571428571428,0.0,2.4571428571428573,7.5285714285714285,0.43023255813953487,21.714285714285715
5,30,prison,overburn,7,6,0.9714285714285714,2.7142857142857144,0.75,0.0,2.0,7.0285714285714285,0.3,17.68421052631579
5,30,prison,sustain,7,4.0,0.2571428571428571,2.0,0.9428571428571428,0.0,0.45714285714285713,10.432142857142857,0.1875,27.071428571428573
5,50,none,basic_only,7,4,0.0,0.0,1.0,0.375,0.0,19.125,,
5,50,none,spend_early,7,4.0,0.02857142857142857,1.0,0.2,0.0035714285714285713,6.4,11.164285714285715,1.9866071428571428,29.857142857142858
5,50,none,save_ultimate,7,4,0.0,1.0,0.6464285714285715,0.16428571428571428,2.8285714285714287,13.757142857142858,0.0,30.0
5,50,none,adaptive,7,5,0.05714285714285714,1.0,0.5142857142857142,0.08214285714285714,3.8857142857142857,12.228571428571428,0.25,29.714285714285715
5,50,none,cooperative,7,4.0,0.02857142857142857,1.0,0.48214285714285715,0.060714285714285714,4.142857142857143,11.885714285714286,0.18620689655172415,29.857142857142858
5,50,none,overburn,7,4,0.2857142857142857,1.5714285714285714,0.5357142857142857,0.0,3.7142857142857144,10.325,0.36153846153846153,27.0
5,50,none,sustain,7,5,0.0,0.0,0.6571428571428571,0.375,2.742857142857143,19.125,0.6770833333333334,
5,50,deck,basic_only,7,4,0.0,1.0,1.0,0.25,0.0,15.75,,30.0
5,50,deck,spend_early,7,4,0.2857142857142857,1.0,0.21785714285714286,0.0,6.257142857142857,10.553571428571429,1.7716894977168949,27.285714285714285
5,50,deck,save_ultimate,7,4.0,0.08571428571428572,1.0,0.775,0.04285714285714286,1.8,11.646428571428572,0.0,29.571428571428573
5,50,deck,adaptive,7,4,0.11428571428571428,1.0,0.5392857142857143,0.0,3.6857142857142855,10.996428571428572,0.26356589147286824,29.285714285714285
5,50,deck,cooperative,7,4,0.05714285714285714,1.0,0.5071428571428571,0.0,3.942857142857143,10.939285714285715,0.2536231884057971,29.714285714285715
5,50,deck,overburn,7,4.0,0.5428571428571428,2.0,0.6035714285714285,0.0,3.1714285714285713,9.221428571428572,0.3963963963963964,24.714285714285715
5,50,deck,sustain,7,4,0.0,1.0,0.6892857142857143,0.09642857142857143,2.4857142857142858,12.521428571428572,0.5287356321839081,30.0
5,50,offer,basic_only,7,5,0.0,1.0,1.0,0.25,0.0,15.75,,30.0
5,50,offer,spend_early,7,4.0,0.08571428571428572,1.0,0.21071428571428572,0.0,6.314285714285714,10.832142857142857,1.8959276018099547,29.0
5,50,offer,save_ultimate,7,5,0.0,1.0,0.7321428571428571,0.11428571428571428,2.142857142857143,12.79642857142857,0.0,30.0
5,50,offer,adaptive,7,5,0.11428571428571428,1.0,0.525,0.02142857142857143,3.8,11.360714285714286,0.24060150375939848,29.428571428571427
5,50,offer,cooperative,7,4.0,0.02857142857142857,1.0,0.4714285714285714,0.0035714285714285713,4.228571428571429,11.164285714285715,0.22297297297297297,29.714285714285715
5,50,offer,overburn,7,4,0.4,2.0,0.575,0.0,3.4,9.842857142857143,0.36134453781512604,25.714285714285715
5,50,offer,sustain,7,5,0.0,1.0,0.7285714285714285,0.25,2.1714285714285713,15.75,0.6447368421052632,30.0
5,50,prison,basic_only,7,4,0.0,1.0,1.0,0.25,0.0,15.75,,30.0
5,50,prison,spend_early,7,4,0.2857142857142857,1.0,0.21785714285714286,0.0,6.257142857142857,10.553571428571429,1.7716894977168949,27.285714285714285
5,50,prison,save_ultimate,7,4.0,0.08571428571428572,1.0,0.775,0.04285714285714286,1.8,11.646428571428572,0.0,29.571428571428573
5,50,prison,adaptive,7,4,0.11428571428571428,1.0,0.5392857142857143,0.0,3.6857142857142855,10.996428571428572,0.26356589147286824,29.285714285714285
5,50,prison,cooperative,7,4,0.05714285714285714,1.0,0.5071428571428571,0.0,3.942857142857143,10.939285714285715,0.2536231884057971,29.714285714285715
5,50,prison,overburn,7,4.0,0.5428571428571428,2.0,0.6035714285714285,0.0,3.1714285714285713,9.221428571428572,0.3963963963963964,24.714285714285715
5,50,prison,sustain,7,4,0.0,1.0,0.6892857142857143,0.09642857142857143,2.4857142857142858,12.521428571428572,0.5287356321839081,30.0
5,55,none,basic_only,7,4,0.0,0.0,1.0,0.375,0.0,19.125,,
5,55,none,spend_early,7,4.0,0.08571428571428572,1.0,0.19285714285714287,0.05714285714285714,6.457142857142857,11.832142857142857,2.004424778761062,29.571428571428573
5,55,none,save_ultimate,7,4,0.0,1.0,0.5428571428571428,0.275,3.657142857142857,16.37857142857143,0.0,30.0
5,55,none,adaptive,7,5,0.0,1.0,0.4785714285714286,0.125,4.171428571428572,12.896428571428572,0.21232876712328766,30.0
5,55,none,cooperative,7,4,0.0,1.0,0.46785714285714286,0.12142857142857143,4.257142857142857,12.860714285714286,0.18120805369127516,30.0
5,55,none,overburn,7,4,0.2857142857142857,1.1428571428571428,0.5357142857142857,0.0,3.7142857142857144,10.503571428571428,0.3769230769230769,27.75
5,55,none,sustain,7,5,0.0,0.0,0.6035714285714285,0.375,3.1714285714285713,19.125,0.5495495495495496,
5,55,deck,basic_only,7,4,0.0,0.0,1.0,0.375,0.0,19.125,,
5,55,deck,spend_early,7,4.0,0.14285714285714285,1.0,0.20357142857142857,0.0,6.371428571428571,10.825,1.8654708520179373,29.0
5,55,deck,save_ultimate,7,4,0.0,1.0,0.7071428571428572,0.09285714285714286,2.342857142857143,12.403571428571428,0.0,30.0
5,55,deck,adaptive,7,5.0,0.02857142857142857,1.0,0.5214285714285715,0.014285714285714285,3.8285714285714287,11.282142857142857,0.2537313432835821,29.857142857142858
5,55,deck,cooperative,7,4,0.0,1.0,0.5,0.010714285714285714,4.0,11.242857142857142,0.22142857142857142,30.0
5,55,deck,overburn,7,4,0.22857142857142856,1.8571428571428572,0.5535714285714286,0.0,3.5714285714285716,10.1,0.304,26.23076923076923
5,55,deck,sustain,7,5,0.0,0.5714285714285714,0.6714285714285714,0.2392857142857143,2.6285714285714286,15.79642857142857,0.6195652173913043,30.0
5,55,offer,basic_only,7,5,0.0,1.0,1.0,0.25,0.0,15.75,,30.0
5,55,offer,spend_early,7,4,0.05714285714285714,1.0,0.21071428571428572,0.0,6.314285714285714,11.125,1.9049773755656108,29.714285714285715
5,55,offer,save_ultimate,7,5,0.0,1.0,0.6464285714285715,0.17857142857142858,2.8285714285714287,14.128571428571428,0.0,30.0
5,55,offer,adaptive,7,4,0.05714285714285714,1.0,0.5107142857142857,0.07857142857142857,3.914285714285714,12.167857142857143,0.25547445255474455,29.714285714285715
5,55,offer,cooperative,7,4.5,0.02857142857142857,1.0,0.5,0.075,4.0,12.107142857142858,0.22142857142857142,29.714285714285715
5,55,offer,overburn,7,4,0.34285714285714286,1.2857142857142858,0.5357142857142857,0.0,3.7142857142857144,10.45357142857143,0.34615384615384615,26.88888888888889
5,55,offer,sustain,7,5,0.0,1.0,0.6642857142857143,0.25,2.6857142857142855,15.75,0.574468085106383,30.0
5,55,prison,basic_only,7,4,0.0,0.0,1.0,0.375,0.0,19.125,,
5,55,prison,spend_early,7,4.0,0.14285714285714285,1.0,0.20357142857142857,0.0,6.371428571428571,10.825,1.8654708520179373,29.0
5,55,prison,save_ultimate,7,4,0.0,1.0,0.7071428571428572,0.09285714285714286,2.342857142857143,12.403571428571428,0.0,30.0
5,55,prison,adaptive,7,5.0,0.02857142857142857,1.0,0.5214285714285715,0.014285714285714285,3.8285714285714287,11.282142857142857,0.2537313432835821,29.857142857142858
5,55,prison,cooperative,7,4,0.0,1.0,0.5,0.010714285714285714,4.0,11.242857142857142,0.22142857142857142,30.0
5,55,prison,overburn,7,4,0.22857142857142856,1.8571428571428572,0.5535714285714286,0.0,3.5714285714285716,10.1,0.304,26.23076923076923
5,55,prison,sustain,7,5,0.0,0.5714285714285714,0.6714285714285714,0.2392857142857143,2.6285714285714286,15.79642857142857,0.6195652173913043,30.0
6,25,none,basic_only,7,4.0,0.47619047619047616,2.0,1.0,0.0,0.0,10.395833333333334,,28.928571428571427
6,25,none,spend_early,7,5,0.9761904761904762,3.0,0.3898809523809524,0.0,4.880952380952381,7.044642857142857,0.824390243902439,19.61904761904762
6,25,none,save_ultimate,7,4.0,0.5238095238095238,2.0,0.9345238095238095,0.0,0.5238095238095238,9.81547619047619,0.0,28.142857142857142
6,25,none,adaptive,7,4.5,0.9047619047619048,2.0,0.7113095238095238,0.0,2.3095238095238093,8.613095238095237,0.3402061855670103,24.285714285714285
6,25,none,cooperative,7,3,0.8809523809523809,2.0,0.6636904761904762,0.0,2.6904761904761907,8.5625,0.35398230088495575,24.357142857142858
6,25,none,overburn,7,7,0.9761904761904762,3.0,0.7708333333333334,0.0,1.8333333333333333,7.020833333333333,0.37662337662337664,19.38095238095238
6,25,none,sustain,7,4,0.4523809523809524,2.0,0.9821428571428571,0.0,0.14285714285714285,10.395833333333334,0.5,29.071428571428573
6,25,deck,basic_only,7,3.0,0.9047619047619048,2.0,1.0,0.0,0.0,8.75,,25.285714285714285
6,25,deck,spend_early,7,,1.0,3.5714285714285716,0.38095238095238093,0.0,4.9523809523809526,6.4523809523809526,0.5528846153846154,16.68
6,25,deck,save_ultimate,7,3,0.8809523809523809,2.0,0.9851190476190477,0.0,0.11904761904761904,8.702380952380953,0.0,24.857142857142858
6,25,deck,adaptive,7,3,0.9761904761904762,3.0,0.7083333333333334,0.0,2.3333333333333335,7.142857142857143,0.35714285714285715,20.0
6,25,deck,cooperative,7,3,0.9761904761904762,3.0,0.6904761904761905,0.0,2.4761904761904763,7.032738095238095,0.38461538461538464,20.714285714285715
6,25,deck,overburn,7,,1.0,3.5714285714285716,0.7678571428571429,0.0,1.8571428571428572,6.288690476190476,0.47435897435897434,16.68
6,25,deck,sustain,7,4,0.8333333333333334,2.0,0.9553571428571429,0.0,0.35714285714285715,8.845238095238095,0.7333333333333333,26.285714285714285
6,25,offer,basic_only,7,6,0.8809523809523809,2.0,1.0,0.0,0.0,9.0625,,25.857142857142858
6,25,offer,spend_early,7,5,0.9761904761904762,3.0,0.40476190476190477,0.0,4.761904761904762,6.696428571428571,0.705,18.238095238095237
6,25,offer,save_ultimate,7,3,0.8809523809523809,2.0,0.9821428571428571,0.0,0.14285714285714285,8.970238095238095,0.0,25.642857142857142
6,25,offer,adaptive,7,4.0,0.9047619047619048,3.0,0.6815476190476191,0.0,2.5476190476190474,8.125,0.3364485981308411,21.285714285714285
6,25,offer,cooperative,7,4.0,0.9047619047619048,3.0,0.6607142857142857,0.0,2.7142857142857144,7.961309523809524,0.34210526315789475,22.333333333333332
6,25,offer,overburn,7,,1.0,3.0,0.7946428571428571,0.0,1.6428571428571428,6.815476190476191,0.391304347826087,18.523809523809526
6,25,offer,sustain,7,4.0,0.7142857142857143,2.0,0.9523809523809523,0.0,0.38095238095238093,9.732142857142858,0.4375,27.071428571428573
6,25,prison,basic_only,7,3.0,0.9047619047619048,2.0,1.0,0.0,0.0,8.75,,25.285714285714285
6,25,prison,spend_early,7,,1.0,3.5714285714285716,0.38095238095238093,0.0,4.9523809523809526,6.4523809523809526,0.5528846153846154,16.68
6,25,prison,save_ultimate,7,3,0.8809523809523809,2.0,0.9851190476190477,0.0,0.11904761904761904,8.702380952380953,0.0,24.857142857142858
6,25,prison,adaptive,7,3,0.9761904761904762,3.0,0.7083333333333334,0.0,2.3333333333333335,7.142857142857143,0.35714285714285715,20.0
6,25,prison,cooperative,7,3,0.9761904761904762,3.0,0.6904761904761905,0.0,2.4761904761904763,7.032738095238095,0.38461538461538464,20.714285714285715
6,25,prison,overburn,7,,1.0,3.5714285714285716,0.7678571428571429,0.0,1.8571428571428572,6.288690476190476,0.47435897435897434,16.68
6,25,prison,sustain,7,3.0,0.9047619047619048,2.0,1.0,0.0,0.0,8.75,,25.285714285714285
6,35,none,basic_only,7,4.0,0.09523809523809523,1.0,1.0,0.0,0.0,13.25,,35.42857142857143
6,35,none,spend_early,7,6.0,0.7619047619047619,2.0,0.28869047619047616,0.0,5.690476190476191,8.93452380952381,1.1338912133891212,26.071428571428573
6,35,none,save_ultimate,7,4.0,0.23809523809523808,1.0,0.8541666666666666,0.0,1.1666666666666667,12.601190476190476,0.0,32.857142857142854
6,35,none,adaptive,7,4,0.4523809523809524,2.0,0.6071428571428571,0.0,3.142857142857143,11.163690476190476,0.3712121212121212,29.857142857142858
6,35,none,cooperative,7,4.0,0.3333333333333333,2.0,0.5863095238095238,0.0,3.3095238095238093,10.886904761904763,0.34532374100719426,30.857142857142858
6,35,none,overburn,7,6,0.8809523809523809,2.0,0.7380952380952381,0.0,2.0952380952380953,8.696428571428571,0.3068181818181818,24.357142857142858
6,35,none,sustain,7,4.5,0.14285714285714285,1.0,0.8303571428571429,0.0,1.3571428571428572,13.217261904761905,0.47368421052631576,35.0
6,35,deck,basic_only,7,4.0,0.19047619047619047,2.0,1.0,0.0,0.0,12.5,,32.214285714285715
6,35,deck,spend_early,7,3,0.8809523809523809,2.2857142857142856,0.3125,0.0,5.5,8.541666666666666,1.0562770562770563,23.1875
6,35,deck,save_ultimate,7,4.0,0.2857142857142857,2.0,0.8869047619047619,0.0,0.9047619047619048,11.014880952380953,0.0,30.214285714285715
6,35,deck,adaptive,7,4,0.7380952380952381,2.0,0.6934523809523809,0.0,2.4523809523809526,9.157738095238095,0.3592233009708738,26.428571428571427
6,35,deck,cooperative,7,3,0.7857142857142857,2.0,0.6815476190476191,0.0,2.5476190476190474,9.136904761904763,0.34579439252336447,27.214285714285715
6,35,deck,overburn,7,7.0,0.9523809523809523,2.7142857142857144,0.7470238095238095,0.0,2.0238095238095237,8.407738095238095,0.43529411764705883,22.42105263157895
6,35,deck,sustain,7,4,0.11904761904761904,1.1428571428571428,0.8839285714285714,0.0,0.9285714285714286,12.580357142857142,0.5641025641025641,33.75
6,35,offer,basic_only,7,4,0.21428571428571427,1.0,1.0,0.0,0.0,12.6875,,33.714285714285715
6,35,offer,spend_early,7,4.5,0.9523809523809523,2.0,0.2857142857142857,0.0,5.714285714285714,8.654761904761905,0.9416666666666667,23.785714285714285
6,35,offer,save_ultimate,7,4,0.30952380952380953,1.0,0.8869047619047619,0.0,0.9047619047619048,12.511904761904763,0.0,32.142857142857146
6,35,offer,adaptive,7,7.0,0.5238095238095238,2.0,0.6577380952380952,0.0,2.738095238095238,9.99702380952381,0.30434782608695654,28.357142857142858
6,35,offer,cooperative,7,4,0.5476190476190477,2.0,0.6369047619047619,0.0,2.9047619047619047,9.863095238095237,0.38524590163934425,29.142857142857142
6,35,offer,overburn,7,8,0.9761904761904762,2.0,0.7440476190476191,0.0,2.0476190476190474,8.589285714285714,0.32558139534883723,22.428571428571427
6,35,offer,sustain,7,5,0.21428571428571427,1.0,0.8779761904761905,0.0,0.9761904761904762,13.020833333333334,0.5609756097560976,34.0
6,35,prison,basic_only,7,4.0,0.19047619047619047,2.0,1.0,0.0,0.0,12.5,,32.214285714285715
6,35,prison,spend_early,7,3,0.8809523809523809,2.2857142857142856,0.3125,0.0,5.5,8.541666666666666,1.0562770562770563,23.1875
6,35,prison,save_ultimate,7,4.0,0.2857142857142857,2.0,0.8869047619047619,0.0,0.9047619047619048,11.014880952380953,0.0,30.214285714285715
6,35,prison,adaptive,7,4,0.7380952380952381,2.0,0.6934523809523809,0.0,2.4523809523809526,9.157738095238095,0.3592233009708738,26.428571428571427
6,35,prison,cooperative,7,3,0.7857142857142857,2.0,0.6815476190476191,0.0,2.5476190476190474,9.136904761904763,0.34579439252336447,27.214285714285715
6,35,prison,overburn,7,7.0,0.9523809523809523,2.7142857142857144,0.7470238095238095,0.0,2.0238095238095237,8.407738095238095,0.43529411764705883,22.42105263157895
6,35,prison,sustain,7,4.0,0.19047619047619047,2.0,0.9226190476190477,0.0,0.6190476190476191,12.5,0.2692307692307692,33.0
6,60,none,basic_only,7,4.0,0.0,0.0,1.0,0.375,0.0,22.875,,
6,60,none,spend_early,7,4.0,0.09523809523809523,1.0,0.19940476190476192,0.0,6.404761904761905,13.25,1.8773234200743494,35.42857142857143
6,60,none,save_ultimate,7,4.0,0.0,1.0,0.625,0.17559523809523808,3.0,16.74404761904762,0.0,36.0
6,60,none,adaptive,7,4,0.023809523809523808,1.0,0.5029761904761905,0.08035714285714286,3.9761904761904763,14.532738095238095,0.2155688622754491,35.857142857142854
6,60,none,cooperative,7,4.0,0.0,1.0,0.4851190476190476,0.0744047619047619,4.119047619047619,14.419642857142858,0.20809248554913296,36.0
6,60,none,overburn,7,4,0.2619047619047619,1.7142857142857142,0.5238095238095238,0.0,3.8095238095238093,12.175595238095237,0.325,31.916666666666668
6,60,none,sustain,7,4.5,0.0,0.0,0.6369047619047619,0.375,2.9047619047619047,22.875,0.6065573770491803,
6,60,deck,basic_only,7,5.0,0.0,0.0,1.0,0.375,0.0,22.875,,
6,60,deck,spend_early,7,4.0,0.19047619047619047,1.0,0.20238095238095238,0.0,6.380952380952381,12.613095238095237,1.8097014925373134,34.0
6,60,deck,save_ultimate,7,4,0.07142857142857142,1.0,0.7440476190476191,0.07142857142857142,2.0476190476190474,14.363095238095237,0.0,35.57142857142857
6,60,deck,adaptive,7,4.5,0.09523809523809523,1.0,0.5297619047619048,0.0,3.761904761904762,13.217261904761905,0.25316455696202533,35.42857142857143
6,60,deck,cooperative,7,4,0.07142857142857142,1.0,0.49107142857142855,0.0,4.071428571428571,13.217261904761905,0.24561403508771928,35.42857142857143
6,60,deck,overburn,7,4.0,0.3333333333333333,2.0,0.5892857142857143,0.0,3.2857142857142856,10.586309523809524,0.3115942028985507,30.285714285714285
6,60,deck,sustain,7,5,0.023809523809523808,1.0,0.7083333333333334,0.11607142857142858,2.3333333333333335,15.241071428571429,0.5102040816326531,35.857142857142854
6,60,offer,basic_only,7,5.0,0.0,1.0,1.0,0.25,0.0,18.8125,,36.0
6,60,offer,spend_early,7,4.0,0.047619047619047616,1.0,0.18452380952380953,0.0,6.523809523809524,12.94047619047619,1.9452554744525548,35.142857142857146
6,60,offer,save_ultimate,7,4.5,0.0,1.0,0.7023809523809523,0.11607142857142858,2.380952380952381,15.223214285714286,0.0,36.0
6,60,offer,adaptive,7,5.0,0.047619047619047616,1.0,0.5208333333333334,0.03571428571428571,3.8333333333333335,13.744047619047619,0.30434782608695654,35.714285714285715
6,60,offer,cooperative,7,4.0,0.047619047619047616,1.0,0.49404761904761907,0.017857142857142856,4.0476190476190474,13.488095238095237,0.2411764705882353,35.714285714285715
6,60,offer,overburn,7,4,0.35714285714285715,1.8571428571428572,0.5565476190476191,0.0,3.5476190476190474,12.041666666666666,0.3288590604026846,31.153846153846153
6,60,offer,sustain,7,5.0,0.0,1.0,0.7053571428571429,0.25,2.357142857142857,18.8125,0.6363636363636364,36.0
6,60,prison,basic_only,7,5.0,0.0,0.0,1.0,0.375,0.0,22.875,,
6,60,prison,spend_early,7,4.0,0.19047619047619047,1.0,0.20238095238095238,0.0,6.380952380952381,12.613095238095237,1.8097014925373134,34.0
6,60,prison,save_ultimate,7,4,0.07142857142857142,1.0,0.7440476190476191,0.07142857142857142,2.0476190476190474,14.363095238095237,0.0,35.57142857142857
6,60,prison,adaptive,7,4.5,0.09523809523809523,1.0,0.5297619047619048,0.0,3.761904761904762,13.217261904761905,0.25316455696202533,35.42857142857143
6,60,prison,cooperative,7,4,0.07142857142857142,1.0,0.49107142857142855,0.0,4.071428571428571,13.217261904761905,0.24561403508771928,35.42857142857143
6,60,prison,overburn,7,4.0,0.3333333333333333,2.0,0.5892857142857143,0.0,3.2857142857142856,10.586309523809524,0.3115942028985507,30.285714285714285
6,60,prison,sustain,7,5,0.023809523809523808,1.0,0.7083333333333334,0.11607142857142858,2.3333333333333335,15.241071428571429,0.5102040816326531,35.857142857142854
6,65,none,basic_only,7,4.5,0.0,0.0,1.0,0.375,0.0,22.875,,
6,65,none,spend_early,7,4.0,0.0,1.0,0.20535714285714285,0.05952380952380952,6.357142857142857,14.142857142857142,2.0786516853932584,36.0
6,65,none,save_ultimate,7,4.0,0.0,1.0,0.5327380952380952,0.2648809523809524,3.738095238095238,19.273809523809526,0.0,36.0
6,65,none,adaptive,7,5.0,0.0,1.0,0.48214285714285715,0.125,4.142857142857143,15.404761904761905,0.19540229885057472,36.0
6,65,none,cooperative,7,4.0,0.0,1.0,0.47023809523809523,0.11904761904761904,4.238095238095238,15.297619047619047,0.16292134831460675,36.0
6,65,none,overburn,7,4,0.2619047619047619,1.2857142857142858,0.5119047619047619,0.0,3.9047619047619047,12.476190476190476,0.32926829268292684,32.888888888888886
6,65,none,sustain,7,5.0,0.0,0.0,0.5922619047619048,0.375,3.261904761904762,22.875,0.5328467153284672,
6,65,deck,basic_only,7,4.0,0.0,0.0,1.0,0.375,0.0,22.875,,
6,65,deck,spend_early,7,4.0,0.09523809523809523,1.0,0.19642857142857142,0.0,6.428571428571429,13.032738095238095,1.9296296296296296,35.285714285714285
6,65,deck,save_ultimate,7,5.0,0.0,1.0,0.6964285714285714,0.11607142857142858,2.4285714285714284,15.300595238095237,0.0,36.0
6,65,deck,adaptive,7,4.0,0.0,1.0,0.5089285714285714,0.02976190476190476,3.9285714285714284,13.666666666666666,0.2606060606060606,36.0
6,65,deck,cooperative,7,4,0.023809523809523808,1.0,0.4851190476190476,0.023809523809523808,4.119047619047619,13.577380952380953,0.21965317919075145,35.857142857142854
6,65,deck,overburn,7,4.0,0.3333333333333333,1.8571428571428572,0.5386904761904762,0.0,3.6904761904761907,11.785714285714286,0.33548387096774196,31.53846153846154
6,65,deck,sustain,7,4.0,0.0,0.42857142857142855,0.6636904761904762,0.2857142857142857,2.6904761904761907,20.133928571428573,0.6460176991150443,36.0
6,65,offer,basic_only,7,4.0,0.0,1.0,1.0,0.25,0.0,18.8125,,36.0
6,65,offer,spend_early,7,5,0.07142857142857142,1.0,0.19047619047619047,0.002976190476190476,6.476190476190476,13.288690476190476,1.8529411764705883,35.57142857142857
6,65,offer,save_ultimate,7,4.0,0.0,1.0,0.6220238095238095,0.1875,3.0238095238095237,17.083333333333332,0.0,36.0
6,65,offer,adaptive,7,5.0,0.047619047619047616,1.0,0.5,0.0744047619047619,4.0,14.425595238095237,0.20833333333333334,35.714285714285715
6,65,offer,cooperative,7,4.0,0.0,1.0,0.4791666666666667,0.07142857142857142,4.166666666666667,14.363095238095237,0.21714285714285714,36.0
6,65,offer,overburn,7,4,0.21428571428571427,1.7142857142857142,0.5029761904761905,0.0,3.9761904761904763,12.172619047619047,0.32335329341317365,32.333333333333336
6,65,offer,sustain,7,5.0,0.0,1.0,0.6488095238095238,0.25,2.8095238095238093,18.8125,0.4745762711864407,36.0
6,65,prison,basic_only,7,4.0,0.0,0.0,1.0,0.375,0.0,22.875,,
6,65,prison,spend_early,7,4.0,0.09523809523809523,1.0,0.19642857142857142,0.0,6.428571428571429,13.032738095238095,1.9296296296296296,35.285714285714285
6,65,prison,save_ultimate,7,5.0,0.0,1.0,0.6964285714285714,0.11607142857142858,2.4285714285714284,15.300595238095237,0.0,36.0
6,65,prison,adaptive,7,4.0,0.0,1.0,0.5089285714285714,0.02976190476190476,3.9285714285714284,13.666666666666666,0.2606060606060606,36.0
6,65,prison,cooperative,7,4,0.023809523809523808,1.0,0.4851190476190476,0.023809523809523808,4.119047619047619,13.577380952380953,0.21965317919075145,35.857142857142854
6,65,prison,overburn,7,4.0,0.3333333333333333,1.8571428571428572,0.5386904761904762,0.0,3.6904761904761907,11.785714285714286,0.33548387096774196,31.53846153846154
6,65,prison,sustain,7,4.0,0.0,0.42857142857142855,0.6636904761904762,0.2857142857142857,2.6904761904761907,20.133928571428573,0.6460176991150443,36.0
