players,cards,pressure,policy,trials,ultimate_median_when_reached,ultimate_unreached_fraction,drains_per_trial,basic_attack_fraction,held_cards_mean,overspend_mean_when_paid,points_lost_per_drain
1,15,none,basic_only,28,6.0,0.35714285714285715,0.0,1.0,4.5,,
1,15,none,spend_early,28,,1.0,0.0,0.53125,1.6339285714285714,1.8476190476190477,
1,15,none,save_ultimate,28,6.0,0.35714285714285715,0.0,0.9196428571428571,3.7098214285714284,6.888888888888889,
1,15,none,adaptive,28,,1.0,0.0,0.75,2.1785714285714284,2.3392857142857144,
1,15,none,cooperative,28,,1.0,0.0,0.75,2.1785714285714284,2.3392857142857144,
1,15,deck,basic_only,28,4,0.6071428571428571,1.0,1.0,2.625,,21.821428571428573
1,15,deck,spend_early,28,,1.0,1.0,0.5669642857142857,1.4776785714285714,2.0,2.7142857142857144
1,15,deck,save_ultimate,28,4,0.6071428571428571,1.0,0.9508928571428571,2.4732142857142856,1.5454545454545454,17.071428571428573
1,15,deck,adaptive,28,,1.0,1.0,0.7276785714285714,1.8348214285714286,2.5901639344262297,2.9285714285714284
1,15,deck,cooperative,28,,1.0,1.0,0.7276785714285714,1.8348214285714286,2.5901639344262297,2.9285714285714284
1,15,offer,basic_only,28,5,0.03571428571428571,1.0,1.0,4.5,,38.25
1,15,offer,spend_early,28,,1.0,0.0,0.45089285714285715,1.4598214285714286,2.178861788617886,
1,15,offer,save_ultimate,28,5,0.03571428571428571,0.03571428571428571,0.8616071428571429,2.857142857142857,4.032258064516129,39.0
1,15,offer,adaptive,28,,1.0,0.0,0.7321428571428571,1.9151785714285714,2.9833333333333334,
1,15,offer,cooperative,28,,1.0,0.0,0.7321428571428571,1.9151785714285714,2.9833333333333334,
1,15,prison,basic_only,28,4,0.6071428571428571,1.0,1.0,2.625,,21.821428571428573
1,15,prison,spend_early,28,,1.0,1.0,0.5669642857142857,1.4776785714285714,2.0,2.7142857142857144
1,15,prison,save_ultimate,28,4,0.6071428571428571,1.0,0.9508928571428571,2.4732142857142856,1.5454545454545454,17.071428571428573
1,15,prison,adaptive,28,,1.0,1.0,0.7276785714285714,1.8348214285714286,2.5901639344262297,2.9285714285714284
1,15,prison,cooperative,28,,1.0,1.0,0.7276785714285714,1.8348214285714286,2.5901639344262297,2.9285714285714284
1,25,none,basic_only,28,5.5,0.21428571428571427,0.0,1.0,4.5,,
1,25,none,spend_early,28,,1.0,0.0,0.5178571428571429,1.5625,1.9074074074074074,
1,25,none,save_ultimate,28,5.5,0.21428571428571427,0.0,0.9017857142857143,3.28125,5.0,
1,25,none,adaptive,28,,1.0,0.0,0.75,2.0625,2.6607142857142856,
1,25,none,cooperative,28,,1.0,0.0,0.75,2.0625,2.6607142857142856,
1,25,deck,basic_only,28,5,0.25,0.0,1.0,4.5,,
1,25,deck,spend_early,28,,1.0,0.0,0.5401785714285714,1.5758928571428572,1.9514563106796117,
1,25,deck,save_ultimate,28,5,0.25,0.0,0.90625,3.40625,4.523809523809524,
1,25,deck,adaptive,28,,1.0,0.0,0.75,2.1294642857142856,2.482142857142857,
1,25,deck,cooperative,28,,1.0,0.0,0.75,2.1294642857142856,2.482142857142857,
1,25,offer,basic_only,28,5.0,0.0,0.0,1.0,4.5,,
1,25,offer,spend_early,28,,1.0,0.0,0.47767857142857145,1.46875,2.4615384615384617,
1,25,offer,save_ultimate,28,5.0,0.0,0.0,0.8616071428571429,3.0,5.67741935483871,
1,25,offer,adaptive,28,,1.0,0.0,0.7276785714285714,1.9196428571428572,2.737704918032787,
1,25,offer,cooperative,28,,1.0,0.0,0.7276785714285714,1.9196428571428572,2.737704918032787,
1,25,prison,basic_only,28,5,0.25,0.0,1.0,4.5,,
1,25,prison,spend_early,28,,1.0,0.0,0.5401785714285714,1.5758928571428572,1.9514563106796117,
1,25,prison,save_ultimate,28,5,0.25,0.0,0.90625,3.40625,4.523809523809524,
1,25,prison,adaptive,28,,1.0,0.0,0.75,2.1294642857142856,2.482142857142857,
1,25,prison,cooperative,28,,1.0,0.0,0.75,2.1294642857142856,2.482142857142857,
3,20,none,basic_only,28,5,0.20238095238095238,1.0,1.0,9.166666666666666,,96.60714285714286
3,20,none,spend_early,28,,1.0,0.0,0.46279761904761907,2.46875,2.326869806094183,
3,20,none,save_ultimate,28,5,0.10714285714285714,0.0,0.8586309523809523,7.309523809523809,3.8842105263157896,
3,20,none,adaptive,28,,1.0,0.0,0.7202380952380952,3.994047619047619,3.00531914893617,
3,20,none,cooperative,28,,1.0,0.0,0.7217261904761905,3.9761904761904763,2.427807486631016,
3,20,deck,basic_only,28,6.0,0.40476190476190477,2.0,1.0,6.5,,59.357142857142854
3,20,deck,spend_early,28,,1.0,0.03571428571428571,0.46577380952380953,2.4702380952380953,2.2729805013927575,19.0
3,20,deck,save_ultimate,28,5.0,0.35714285714285715,1.0,0.9181547619047619,5.831845238095238,1.690909090909091,45.07142857142857
3,20,deck,adaptive,28,,1.0,0.03571428571428571,0.6175595238095238,3.519345238095238,2.688715953307393,11.0
3,20,deck,cooperative,28,,1.0,0.03571428571428571,0.6264880952380952,3.611607142857143,2.2948207171314743,10.0
3,20,offer,basic_only,28,4.0,0.38095238095238093,1.0,1.0,6.875,,72.85714285714286
3,20,offer,spend_early,28,,1.0,0.0,0.45535714285714285,2.505952380952381,2.4043715846994536,
3,20,offer,save_ultimate,28,5,0.20238095238095238,0.39285714285714285,0.8913690476190477,6.925595238095238,3.4794520547945207,61.63636363636363
3,20,offer,adaptive,28,,1.0,0.0,0.7157738095238095,4.020833333333333,3.0837696335078535,
3,20,offer,cooperative,28,,1.0,0.0,0.7232142857142857,4.116071428571429,2.1559139784946235,
3,20,prison,basic_only,28,6.0,0.40476190476190477,2.0,1.0,6.5,,59.357142857142854
3,20,prison,spend_early,28,,1.0,0.03571428571428571,0.46577380952380953,2.4702380952380953,2.2729805013927575,19.0
3,20,prison,save_ultimate,28,5.0,0.35714285714285715,1.0,0.9181547619047619,5.831845238095238,1.690909090909091,45.07142857142857
3,20,prison,adaptive,28,,1.0,0.03571428571428571,0.6175595238095238,3.519345238095238,2.688715953307393,11.0
3,20,prison,cooperative,28,,1.0,0.03571428571428571,0.6264880952380952,3.611607142857143,2.2948207171314743,10.0
3,25,none,basic_only,28,5.0,0.047619047619047616,0.0,1.0,12.5,,
3,25,none,spend_early,28,,1.0,0.0,0.44345238095238093,2.419642857142857,2.0588235294117645,
3,25,none,save_ultimate,28,5.0,0.047619047619047616,0.0,0.8630952380952381,7.004464285714286,3.847826086956522,
3,25,none,adaptive,28,,1.0,0.0,0.7113095238095238,3.9345238095238093,2.8092783505154637,
3,25,none,cooperative,28,,1.0,0.0,0.7127976190476191,3.986607142857143,2.295336787564767,
3,25,deck,basic_only,28,4.0,0.3333333333333333,1.0,1.0,6.875,,73.85714285714286
3,25,deck,spend_early,28,,1.0,0.0,0.45535714285714285,2.4375,2.23224043715847,
3,25,deck,save_ultimate,28,5,0.25,0.6428571428571429,0.8854166666666666,6.526785714285714,2.5324675324675323,54.55555555555556
3,25,deck,adaptive,28,,1.0,0.0,0.6904761904761905,3.886904761904762,2.9038461538461537,
3,25,deck,cooperative,28,,1.0,0.0,0.6934523809523809,3.9032738095238093,2.2281553398058254,
3,25,offer,basic_only,28,5,0.17857142857142858,1.0,1.0,8.541666666666666,,92.78571428571429
3,25,offer,spend_early,28,,1.0,0.0,0.4375,2.3958333333333335,2.113756613756614,
3,25,offer,save_ultimate,28,5.0,0.09523809523809523,0.0,0.8586309523809523,7.288690476190476,4.136842105263158,
3,25,offer,adaptive,28,,1.0,0.0,0.7053571428571429,3.9449404761904763,2.8383838383838382,
3,25,offer,cooperative,28,,1.0,0.0,0.7083333333333334,4.03125,2.183673469387755,
3,25,prison,basic_only,28,4.0,0.3333333333333333,1.0,1.0,6.875,,73.85714285714286
3,25,prison,spend_early,28,,1.0,0.0,0.45535714285714285,2.4375,2.23224043715847,
3,25,prison,save_ultimate,28,5,0.25,0.6428571428571429,0.8854166666666666,6.526785714285714,2.5324675324675323,54.55555555555556
3,25,prison,adaptive,28,,1.0,0.0,0.6904761904761905,3.886904761904762,2.9038461538461537,
3,25,prison,cooperative,28,,1.0,0.0,0.6934523809523809,3.9032738095238093,2.2281553398058254,
5,25,none,basic_only,28,4.0,0.44285714285714284,1.0,1.0,11.125,,121.25
5,25,none,spend_early,28,,1.0,0.0,0.4517857142857143,3.41875,2.1286644951140063,
5,25,none,save_ultimate,28,5,0.16428571428571428,0.14285714285714285,0.8732142857142857,11.616071428571429,4.112676056338028,107.0
5,25,none,adaptive,28,,1.0,0.0,0.7169642857142857,5.920535714285714,2.630914826498423,
5,25,none,cooperative,28,,1.0,0.0,0.7178571428571429,6.0303571428571425,2.3132911392405062,
5,25,deck,basic_only,28,4,0.6357142857142857,2.0,1.0,8.825,,87.55357142857143
5,25,deck,spend_early,28,,1.0,0.0,0.4357142857142857,3.3482142857142856,2.0632911392405062,
5,25,deck,save_ultimate,28,4,0.42142857142857143,1.0714285714285714,0.9241071428571429,9.402678571428572,1.588235294117647,71.13333333333334
5,25,deck,adaptive,28,,1.0,0.0,0.6357142857142857,5.329464285714286,2.6715686274509802,
5,25,deck,cooperative,28,,1.0,0.0,0.64375,5.524107142857143,2.3233082706766917,
5,25,offer,basic_only,28,4,0.36428571428571427,1.0,1.0,10.525,,105.64285714285714
5,25,offer,spend_early,28,,1.0,0.0,0.42678571428571427,3.320535714285714,2.132398753894081,
5,25,offer,save_ultimate,28,4,0.22142857142857142,0.6071428571428571,0.8928571428571429,10.005357142857143,2.65,89.70588235294117
5,25,offer,adaptive,28,,1.0,0.0,0.7107142857142857,5.870535714285714,3.1080246913580245,
5,25,offer,cooperative,28,,1.0,0.0,0.7053571428571429,5.998214285714286,2.3333333333333335,
5,25,prison,basic_only,28,4,0.6357142857142857,2.0,1.0,8.825,,87.55357142857143
5,25,prison,spend_early,28,,1.0,0.0,0.4357142857142857,3.3482142857142856,2.0632911392405062,
5,25,prison,save_ultimate,28,4,0.42142857142857143,1.0714285714285714,0.9241071428571429,9.402678571428572,1.588235294117647,71.13333333333334
5,25,prison,adaptive,28,,1.0,0.0,0.6357142857142857,5.329464285714286,2.6715686274509802,
5,25,prison,cooperative,28,,1.0,0.0,0.64375,5.524107142857143,2.3233082706766917,
5,30,none,basic_only,28,5.0,0.2714285714285714,1.0,1.0,13.0,,145.07142857142858
5,30,none,spend_early,28,,1.0,0.0,0.45803571428571427,3.4357142857142855,2.085667215815486,
5,30,none,save_ultimate,28,5,0.17857142857142858,0.03571428571428571,0.8803571428571428,12.159821428571428,3.91044776119403,125.0
5,30,none,adaptive,28,,1.0,0.0,0.7133928571428572,6.025892857142857,2.9065420560747666,
5,30,none,cooperative,28,,1.0,0.0,0.7116071428571429,5.972321428571429,2.3095975232198143,
5,30,deck,basic_only,28,4,0.37857142857142856,1.0,1.0,10.6,,108.17857142857143
5,30,deck,spend_early,28,,1.0,0.0,0.45267857142857143,3.41875,2.195758564437194,
5,30,deck,save_ultimate,28,4,0.29285714285714287,0.7857142857142857,0.9008928571428572,10.019642857142857,2.8468468468468466,81.86363636363636
5,30,deck,adaptive,28,,1.0,0.0,0.7035714285714286,5.9366071428571425,3.0301204819277108,
5,30,deck,cooperative,28,,1.0,0.0,0.6964285714285714,5.974107142857143,2.4,
5,30,offer,basic_only,28,4,0.36428571428571427,1.0,1.0,11.125,,124.46428571428571
5,30,offer,spend_early,28,,1.0,0.0,0.44375,3.4258928571428573,2.279293739967897,
5,30,offer,save_ultimate,28,5,0.15,0.21428571428571427,0.8830357142857143,11.550892857142857,4.351145038167939,103.83333333333333
5,30,offer,adaptive,28,,1.0,0.0,0.7169642857142857,5.949107142857143,2.946372239747634,
5,30,offer,cooperative,28,,1.0,0.0,0.7151785714285714,6.15,2.134796238244514,
5,30,prison,basic_only,28,4,0.37857142857142856,1.0,1.0,10.6,,108.17857142857143
5,30,prison,spend_early,28,,1.0,0.0,0.45267857142857143,3.41875,2.195758564437194,
5,30,prison,save_ultimate,28,4,0.29285714285714287,0.7857142857142857,0.9008928571428572,10.019642857142857,2.8468468468468466,81.86363636363636
5,30,prison,adaptive,28,,1.0,0.0,0.7035714285714286,5.9366071428571425,3.0301204819277108,
5,30,prison,cooperative,28,,1.0,0.0,0.6964285714285714,5.974107142857143,2.4,
7,25,none,basic_only,28,5.0,0.6224489795918368,2.0,1.0,11.982142857142858,,124.51785714285714
7,25,none,spend_early,28,,1.0,0.0,0.42793367346938777,4.232780612244898,2.15273132664437,
7,25,none,save_ultimate,28,5.0,0.37755102040816324,0.8571428571428571,0.9151785714285714,13.73469387755102,2.4586466165413534,117.08333333333333
7,25,none,adaptive,28,,1.0,0.0,0.7110969387755102,7.75,2.8300220750551874,
7,25,none,cooperative,28,,1.0,0.0,0.7130102040816326,8.09375,2.488888888888889,
7,25,deck,basic_only,28,3,0.9642857142857143,2.0,1.0,10.125,,103.94642857142857
7,25,deck,spend_early,28,,1.0,0.0,0.4387755102040816,4.377551020408164,2.1931818181818183,
7,25,deck,save_ultimate,28,4.0,0.9387755102040817,2.0,0.9923469387755102,10.146045918367347,0.25,100.91071428571429
7,25,deck,adaptive,28,,1.0,0.0,0.579719387755102,6.313137755102041,2.4764795144157814,
7,25,deck,cooperative,28,,1.0,0.0,0.5771683673469388,6.35905612244898,2.0120663650075414,
7,25,offer,basic_only,28,6,0.923469387755102,2.0,1.0,10.428571428571429,,107.25
7,25,offer,spend_early,28,,1.0,0.0,0.4375,4.276785714285714,2.126984126984127,
7,25,offer,save_ultimate,28,7,0.7908163265306123,1.75,0.9725765306122449,10.896683673469388,1.5116279069767442,104.65306122448979
7,25,offer,adaptive,28,,1.0,0.0,0.6715561224489796,7.426020408163265,2.766990291262136,
7,25,offer,cooperative,28,,1.0,0.0,0.6766581632653061,7.653061224489796,2.2110453648915187,
7,25,prison,basic_only,28,3,0.9642857142857143,2.0,1.0,10.125,,103.94642857142857
7,25,prison,spend_early,28,,1.0,0.0,0.4387755102040816,4.377551020408164,2.1931818181818183,
7,25,prison,save_ultimate,28,4.0,0.9387755102040817,2.0,0.9923469387755102,10.146045918367347,0.25,100.91071428571429
7,25,prison,adaptive,28,,1.0,0.0,0.579719387755102,6.313137755102041,2.4764795144157814,
7,25,prison,cooperative,28,,1.0,0.0,0.5771683673469388,6.35905612244898,2.0120663650075414,
7,40,none,basic_only,28,4.0,0.2755102040816326,1.0,1.0,17.071428571428573,,200.35714285714286
7,40,none,spend_early,28,,1.0,0.0,0.43813775510204084,4.311224489795919,2.1577752553916003,
7,40,none,save_ultimate,28,5.0,0.14285714285714285,0.0,0.8698979591836735,16.304846938775512,3.661764705882353,
7,40,none,adaptive,28,,1.0,0.0,0.7091836734693877,7.9457908163265305,2.8092105263157894,
7,40,none,cooperative,28,,1.0,0.0,0.7085459183673469,8.095025510204081,2.2210065645514225,
7,40,deck,basic_only,28,4.0,0.46938775510204084,1.0,1.0,14.785714285714286,,156.32142857142858
7,40,deck,spend_early,28,,1.0,0.0,0.44642857142857145,4.419642857142857,2.2200460829493087,
7,40,deck,save_ultimate,28,5,0.3010204081632653,0.6071428571428571,0.8992346938775511,14.916454081632653,3.3164556962025316,128.0
7,40,deck,adaptive,28,,1.0,0.0,0.7117346938775511,7.957270408163265,2.6570796460176993,
7,40,deck,cooperative,28,,1.0,0.0,0.7136479591836735,8.099489795918368,2.2806236080178173,
7,40,offer,basic_only,28,4,0.3826530612244898,1.0,1.0,15.375,,173.42857142857142
7,40,offer,spend_early,28,,1.0,0.0,0.44260204081632654,4.344387755102041,2.108695652173913,
7,40,offer,save_ultimate,28,5,0.2193877551020408,0.17857142857142858,0.8877551020408163,16.441326530612244,3.914772727272727,151.2
7,40,offer,adaptive,28,,1.0,0.0,0.7174744897959183,8.03826530612245,2.805869074492099,
7,40,offer,cooperative,28,,1.0,0.0,0.7149234693877551,8.182397959183673,2.21923937360179,
7,40,prison,basic_only,28,4.0,0.46938775510204084,1.0,1.0,14.785714285714286,,156.32142857142858
7,40,prison,spend_early,28,,1.0,0.0,0.44642857142857145,4.419642857142857,2.2200460829493087,
7,40,prison,save_ultimate,28,5,0.3010204081632653,0.6071428571428571,0.8992346938775511,14.916454081632653,3.3164556962025316,128.0
7,40,prison,adaptive,28,,1.0,0.0,0.7117346938775511,7.957270408163265,2.6570796460176993,
7,40,prison,cooperative,28,,1.0,0.0,0.7136479591836735,8.099489795918368,2.2806236080178173,
