players,cards,pressure,policy,trials,ultimate_median_when_reached,ultimate_unreached_fraction,drains_per_trial,basic_attack_fraction,fully_charged_fraction,ability_uses_per_hero,held_cards_mean,overspend_mean_when_paid,points_lost_per_drain
1,25,none,basic_only,14,5.0,0.0,0.0,1.0,0.48214285714285715,0.0,3.7589285714285716,,
1,25,none,spend_early,14,5.0,0.0,0.0,0.08928571428571429,0.5089285714285714,7.285714285714286,3.705357142857143,11.666666666666666,
1,25,none,save_ultimate,14,5.0,0.0,0.0,0.5178571428571429,0.48214285714285715,3.857142857142857,3.7589285714285716,1.537037037037037,
1,25,none,adaptive,14,5.0,0.0,0.0,0.24107142857142858,0.4732142857142857,6.071428571428571,3.767857142857143,2.152941176470588,
1,25,none,cooperative,14,5.0,0.0,0.0,0.24107142857142858,0.4732142857142857,6.071428571428571,3.767857142857143,2.152941176470588,
1,25,none,overburn,14,5.0,0.14285714285714285,1.0,0.375,0.33035714285714285,5.0,3.1607142857142856,2.914285714285714,22.214285714285715
1,25,none,sustain,14,5.0,0.0,0.0,0.24107142857142858,0.4732142857142857,6.071428571428571,3.767857142857143,2.152941176470588,
1,25,deck,basic_only,14,5,0.07142857142857142,1.0,1.0,0.32142857142857145,0.0,3.2767857142857144,,22.5
1,25,deck,spend_early,14,5,0.35714285714285715,1.0,0.1875,0.1875,6.5,2.8035714285714284,7.615384615384615,20.285714285714285
1,25,deck,save_ultimate,14,5,0.07142857142857142,1.0,0.7946428571428571,0.20535714285714285,1.6428571428571428,2.6964285714285716,1.5217391304347827,22.5
1,25,deck,adaptive,14,5,0.21428571428571427,1.0,0.5267857142857143,0.16964285714285715,3.7857142857142856,2.919642857142857,3.2641509433962264,21.785714285714285
1,25,deck,cooperative,14,5,0.21428571428571427,1.0,0.5267857142857143,0.16964285714285715,3.7857142857142856,2.919642857142857,3.2641509433962264,21.785714285714285
1,25,deck,overburn,14,5,0.35714285714285715,1.0,0.5446428571428571,0.10714285714285714,3.642857142857143,2.5982142857142856,2.7254901960784315,20.142857142857142
1,25,deck,sustain,14,5,0.21428571428571427,1.0,0.6160714285714286,0.1875,3.0714285714285716,2.919642857142857,4.116279069767442,21.785714285714285
1,25,offer,basic_only,14,4.5,0.0,1.0,1.0,0.26785714285714285,0.0,2.669642857142857,,22.928571428571427
1,25,offer,spend_early,14,4.5,0.0,1.0,0.17857142857142858,0.25892857142857145,6.571428571428571,2.8214285714285716,9.16304347826087,23.0
1,25,offer,save_ultimate,14,4.5,0.0,1.0,0.7321428571428571,0.26785714285714285,2.142857142857143,2.669642857142857,1.9333333333333333,22.928571428571427
1,25,offer,adaptive,14,4.0,0.0,1.0,0.4642857142857143,0.25892857142857145,4.285714285714286,2.625,2.8833333333333333,22.428571428571427
1,25,offer,cooperative,14,4.0,0.0,1.0,0.4642857142857143,0.25892857142857145,4.285714285714286,2.625,2.8833333333333333,22.428571428571427
1,25,offer,overburn,14,4.0,0.0,1.0,0.4642857142857143,0.25,4.285714285714286,2.607142857142857,3.0166666666666666,23.0
1,25,offer,sustain,14,4.0,0.0,1.0,0.4642857142857143,0.25892857142857145,4.285714285714286,2.625,2.8833333333333333,22.428571428571427
1,25,prison,basic_only,14,5,0.07142857142857142,1.0,1.0,0.32142857142857145,0.0,3.2767857142857144,,22.5
1,25,prison,spend_early,14,5,0.35714285714285715,1.0,0.1875,0.1875,6.5,2.8035714285714284,7.615384615384615,20.285714285714285
1,25,prison,save_ultimate,14,5,0.07142857142857142,1.0,0.7946428571428571,0.20535714285714285,1.6428571428571428,2.6964285714285716,1.5217391304347827,22.5
1,25,prison,adaptive,14,5,0.21428571428571427,1.0,0.5267857142857143,0.16964285714285715,3.7857142857142856,2.919642857142857,3.2641509433962264,21.785714285714285
1,25,prison,cooperative,14,5,0.21428571428571427,1.0,0.5267857142857143,0.16964285714285715,3.7857142857142856,2.919642857142857,3.2641509433962264,21.785714285714285
1,25,prison,overburn,14,5,0.35714285714285715,1.0,0.5446428571428571,0.10714285714285714,3.642857142857143,2.5982142857142856,2.7254901960784315,20.142857142857142
1,25,prison,sustain,14,5,0.21428571428571427,1.0,0.6160714285714286,0.1875,3.0714285714285716,2.9375,4.116279069767442,21.785714285714285
3,25,none,basic_only,14,4.0,0.0,0.07142857142857142,1.0,0.5565476190476191,0.0,9.625,,71.0
3,25,none,spend_early,14,4.0,0.38095238095238093,1.4285714285714286,0.21726190476190477,0.11011904761904762,6.261904761904762,6.386904761904762,7.551330798479087,58.15
3,25,none,save_ultimate,14,5.0,0.047619047619047616,1.0,0.7351190476190477,0.2648809523809524,2.119047619047619,7.160714285714286,1.0337078651685394,65.78571428571429
3,25,none,adaptive,14,4.0,0.23809523809523808,1.0,0.4732142857142857,0.14583333333333334,4.214285714285714,6.604166666666667,3.169491525423729,64.14285714285714
3,25,none,cooperative,14,4.0,0.2857142857142857,1.0,0.47023809523809523,0.13392857142857142,4.238095238095238,6.580357142857143,2.5,61.142857142857146
3,25,none,overburn,14,4,0.6428571428571429,2.0,0.6279761904761905,0.044642857142857144,2.9761904761904763,5.2023809523809526,3.144,50.42857142857143
3,25,none,sustain,14,5.0,0.0,0.35714285714285715,0.8184523809523809,0.4851190476190476,1.4523809523809523,9.386904761904763,3.9672131147540983,70.2
3,25,deck,basic_only,14,4,0.21428571428571427,1.0,1.0,0.15773809523809523,0.0,6.607142857142857,,61.57142857142857
3,25,deck,spend_early,14,4,0.7857142857142857,2.0,0.27976190476190477,0.026785714285714284,5.761904761904762,4.791666666666667,5.384297520661157,47.5
3,25,deck,save_ultimate,14,4.0,0.3333333333333333,1.4285714285714286,0.8809523809523809,0.11904761904761904,0.9523809523809523,6.386904761904762,1.375,59.2
3,25,deck,adaptive,14,4,0.5476190476190477,2.0,0.6190476190476191,0.06845238095238096,3.0476190476190474,5.333333333333333,3.15625,51.607142857142854
3,25,deck,cooperative,14,4,0.5476190476190477,2.0,0.6190476190476191,0.0625,3.0476190476190474,5.3601190476190474,2.84375,49.75
3,25,deck,overburn,14,3.0,0.8571428571428571,2.0714285714285716,0.7023809523809523,0.017857142857142856,2.380952380952381,4.622023809523809,2.84,44.172413793103445
3,25,deck,sustain,14,4.0,0.14285714285714285,1.5714285714285714,0.8125,0.16666666666666666,1.5,6.5476190476190474,3.7301587301587302,61.36363636363637
3,25,offer,basic_only,14,4.0,0.047619047619047616,1.0,1.0,0.2648809523809524,0.0,7.232142857142857,,67.57142857142857
3,25,offer,spend_early,14,4,0.4523809523809524,2.0,0.2708333333333333,0.08333333333333333,5.833333333333333,5.395833333333333,6.722448979591837,53.32142857142857
3,25,offer,save_ultimate,14,4.0,0.09523809523809523,1.0,0.8363095238095238,0.1636904761904762,1.3095238095238095,6.705357142857143,1.6727272727272726,67.78571428571429
3,25,offer,adaptive,14,4.0,0.2857142857142857,1.2857142857142858,0.5029761904761905,0.13988095238095238,3.9761904761904763,6.303571428571429,3.0778443113772456,59.166666666666664
3,25,offer,cooperative,14,4,0.35714285714285715,1.3571428571428572,0.49702380952380953,0.1130952380952381,4.023809523809524,6.372023809523809,2.7810650887573964,56.36842105263158
3,25,offer,overburn,14,3,0.8333333333333334,2.0,0.6607142857142857,0.020833333333333332,2.7142857142857144,4.767857142857143,3.0,47.17857142857143
3,25,offer,sustain,14,4,0.023809523809523808,1.0,0.75,0.2857142857142857,2.0,7.3898809523809526,4.738095238095238,68.14285714285714
3,25,prison,basic_only,14,4,0.21428571428571427,1.0,1.0,0.15773809523809523,0.0,6.607142857142857,,61.57142857142857
3,25,prison,spend_early,14,4,0.7857142857142857,2.0,0.27976190476190477,0.026785714285714284,5.761904761904762,4.791666666666667,5.384297520661157,47.5
3,25,prison,save_ultimate,14,4.0,0.3333333333333333,1.4285714285714286,0.8809523809523809,0.11904761904761904,0.9523809523809523,6.386904761904762,1.375,59.2
3,25,prison,adaptive,14,4,0.5476190476190477,2.0,0.6190476190476191,0.06845238095238096,3.0476190476190474,5.333333333333333,3.15625,51.607142857142854
3,25,prison,cooperative,14,4,0.5476190476190477,2.0,0.6190476190476191,0.0625,3.0476190476190474,5.3601190476190474,2.84375,49.75
3,25,prison,overburn,14,3.0,0.8571428571428571,2.0714285714285716,0.7023809523809523,0.017857142857142856,2.380952380952381,4.622023809523809,2.84,44.172413793103445
3,25,prison,sustain,14,4,0.16666666666666666,1.5714285714285714,0.8244047619047619,0.16071428571428573,1.4047619047619047,6.523809523809524,3.23728813559322,60.40909090909091
3,30,none,basic_only,14,4.5,0.0,0.0,1.0,0.5357142857142857,0.0,10.080357142857142,,
3,30,none,spend_early,14,4,0.2619047619047619,1.0,0.22023809523809523,0.16666666666666666,6.238095238095238,6.708333333333333,7.896946564885496,64.78571428571429
3,30,none,save_ultimate,14,4,0.023809523809523808,1.0,0.5773809523809523,0.4226190476190476,3.380952380952381,8.479166666666666,1.6056338028169015,68.14285714285714
3,30,none,adaptive,14,5.0,0.09523809523809523,1.0,0.49107142857142855,0.25297619047619047,4.071428571428571,7.196428571428571,2.853801169590643,67.14285714285714
3,30,none,cooperative,14,5,0.07142857142857142,1.0,0.47619047619047616,0.24702380952380953,4.190476190476191,7.196428571428571,2.4261363636363638,67.64285714285714
3,30,none,overburn,14,4.5,0.19047619047619047,1.7857142857142858,0.5446428571428571,0.125,3.642857142857143,6.193452380952381,3.3986928104575163,58.2
3,30,none,sustain,14,5.0,0.0,0.0,0.7023809523809523,0.5446428571428571,2.380952380952381,10.05952380952381,4.43,
3,30,deck,basic_only,14,5,0.11904761904761904,1.0,1.0,0.24702380952380953,0.0,7.321428571428571,,67.0
3,30,deck,spend_early,14,4,0.40476190476190477,2.0,0.25,0.10416666666666667,6.0,5.877976190476191,7.119047619047619,55.25
3,30,deck,save_ultimate,14,4,0.11904761904761904,1.0,0.8244047619047619,0.17559523809523808,1.4047619047619047,6.744047619047619,1.6440677966101696,66.5
3,30,deck,adaptive,14,4.0,0.2857142857142857,1.5,0.48214285714285715,0.14285714285714285,4.142857142857143,6.372023809523809,2.9655172413793105,60.04761904761905
3,30,deck,cooperative,14,4,0.30952380952380953,1.4285714285714286,0.4851190476190476,0.13988095238095238,4.119047619047619,6.413690476190476,2.6242774566473988,58.75
3,30,deck,overburn,14,6.0,0.7619047619047619,2.0,0.6666666666666666,0.02976190476190476,2.6666666666666665,4.943452380952381,2.8482142857142856,47.857142857142854
3,30,deck,sustain,14,4,0.07142857142857142,1.0,0.7202380952380952,0.24107142857142858,2.238095238095238,7.142857142857143,4.659574468085107,68.5
3,30,offer,basic_only,14,5.0,0.0,1.0,1.0,0.31845238095238093,0.0,7.919642857142857,,68.71428571428571
3,30,offer,spend_early,14,4.0,0.38095238095238093,1.0,0.20833333333333334,0.12202380952380952,6.333333333333333,6.467261904761905,7.454887218045113,58.57142857142857
3,30,offer,save_ultimate,14,5,0.023809523809523808,1.0,0.7410714285714286,0.25892857142857145,2.0714285714285716,7.357142857142857,1.5747126436781609,68.0
3,30,offer,adaptive,14,5,0.21428571428571427,1.0,0.5,0.13392857142857142,4.0,6.678571428571429,3.25,66.07142857142857
3,30,offer,cooperative,14,4.5,0.23809523809523808,1.0,0.5238095238095238,0.13690476190476192,3.8095238095238093,6.681547619047619,2.68125,63.642857142857146
3,30,offer,overburn,14,4.0,0.6190476190476191,2.0,0.6071428571428571,0.05654761904761905,3.142857142857143,5.482142857142857,3.0984848484848486,50.964285714285715
3,30,offer,sustain,14,5,0.023809523809523808,1.0,0.7559523809523809,0.2976190476190476,1.9523809523809523,7.851190476190476,4.475609756097561,69.5
3,30,prison,basic_only,14,5,0.11904761904761904,1.0,1.0,0.24702380952380953,0.0,7.321428571428571,,67.0
3,30,prison,spend_early,14,4,0.40476190476190477,2.0,0.25,0.10416666666666667,6.0,5.877976190476191,7.119047619047619,55.25
3,30,prison,save_ultimate,14,4,0.11904761904761904,1.0,0.8244047619047619,0.17559523809523808,1.4047619047619047,6.744047619047619,1.6440677966101696,66.5
3,30,prison,adaptive,14,4.0,0.2857142857142857,1.5,0.48214285714285715,0.14285714285714285,4.142857142857143,6.372023809523809,2.9655172413793105,60.04761904761905
3,30,prison,cooperative,14,4,0.30952380952380953,1.4285714285714286,0.4851190476190476,0.13988095238095238,4.119047619047619,6.413690476190476,2.6242774566473988,58.75
3,30,prison,overburn,14,6.0,0.7619047619047619,2.0,0.6666666666666666,0.02976190476190476,2.6666666666666665,4.943452380952381,2.8482142857142856,47.857142857142854
3,30,prison,sustain,14,4.0,0.09523809523809523,1.0,0.7410714285714286,0.21428571428571427,2.0714285714285716,6.979166666666667,3.9080459770114944,67.5
3,35,none,basic_only,14,5.0,0.0,0.0,1.0,0.5357142857142857,0.0,10.101190476190476,,
3,35,none,spend_early,14,5,0.023809523809523808,1.0,0.22916666666666666,0.30952380952380953,6.166666666666667,7.404761904761905,9.621621621621621,68.28571428571429
3,35,none,save_ultimate,14,5.0,0.0,0.0,0.46726190476190477,0.5327380952380952,4.261904761904762,10.107142857142858,1.76536312849162,
3,35,none,adaptive,14,5.0,0.0,1.0,0.375,0.4107142857142857,5.0,8.407738095238095,2.3476190476190477,67.92857142857143
3,35,none,cooperative,14,5.0,0.0,1.0,0.375,0.40476190476190477,5.0,8.306547619047619,2.119047619047619,67.35714285714286
3,35,none,overburn,14,4.0,0.23809523809523808,1.2142857142857142,0.49107142857142855,0.1488095238095238,4.071428571428571,6.476190476190476,2.9239766081871346,60.23529411764706
3,35,none,sustain,14,5.0,0.0,0.0,0.5505952380952381,0.5476190476190477,3.5952380952380953,10.020833333333334,3.728476821192053,
3,35,deck,basic_only,14,5,0.023809523809523808,1.0,1.0,0.4226190476190476,0.0,8.952380952380953,,68.21428571428571
3,35,deck,spend_early,14,4.0,0.2857142857142857,1.0,0.23214285714285715,0.14285714285714285,6.142857142857143,6.532738095238095,7.9689922480620154,61.214285714285715
3,35,deck,save_ultimate,14,5,0.07142857142857142,1.0,0.7619047619047619,0.23809523809523808,1.9047619047619047,7.345238095238095,1.7625,67.92857142857143
3,35,deck,adaptive,14,4,0.16666666666666666,1.0,0.5119047619047619,0.17857142857142858,3.9047619047619047,6.7351190476190474,3.0853658536585367,66.28571428571429
3,35,deck,cooperative,14,4,0.2619047619047619,1.0,0.5178571428571429,0.13988095238095238,3.857142857142857,6.776785714285714,2.549382716049383,62.857142857142854
3,35,deck,overburn,14,4.0,0.42857142857142855,2.0,0.5863095238095238,0.07738095238095238,3.3095238095238093,5.794642857142857,3.5035971223021583,54.142857142857146
3,35,deck,sustain,14,5.0,0.0,0.9285714285714286,0.7261904761904762,0.3333333333333333,2.1904761904761907,7.726190476190476,4.478260869565218,68.38461538461539
3,35,offer,basic_only,14,5.0,0.0,1.0,1.0,0.3333333333333333,0.0,7.675595238095238,,67.5
3,35,offer,spend_early,14,4.0,0.047619047619047616,1.0,0.22321428571428573,0.20238095238095238,6.214285714285714,6.681547619047619,8.229885057471265,66.71428571428571
3,35,offer,save_ultimate,14,5.0,0.0,1.0,0.6607142857142857,0.3392857142857143,2.7142857142857144,8.089285714285714,1.868421052631579,69.35714285714286
3,35,offer,adaptive,14,5,0.023809523809523808,1.0,0.4880952380952381,0.2767857142857143,4.095238095238095,7.3601190476190474,2.744186046511628,68.71428571428571
3,35,offer,cooperative,14,5,0.11904761904761904,1.0,0.4791666666666667,0.22023809523809523,4.166666666666667,7.208333333333333,2.537142857142857,65.57142857142857
3,35,offer,overburn,14,4.0,0.2857142857142857,1.8571428571428572,0.5089285714285714,0.12797619047619047,3.9285714285714284,6.1398809523809526,3.0242424242424244,58.69230769230769
3,35,offer,sustain,14,5.0,0.0,1.0,0.6845238095238095,0.3273809523809524,2.5238095238095237,7.8601190476190474,4.1415094339622645,68.85714285714286
3,35,prison,basic_only,14,5,0.023809523809523808,1.0,1.0,0.4226190476190476,0.0,8.952380952380953,,68.21428571428571
3,35,prison,spend_early,14,4.0,0.2857142857142857,1.0,0.23214285714285715,0.14285714285714285,6.142857142857143,6.532738095238095,7.9689922480620154,61.214285714285715
3,35,prison,save_ultimate,14,5,0.07142857142857142,1.0,0.7619047619047619,0.23809523809523808,1.9047619047619047,7.345238095238095,1.7625,67.92857142857143
3,35,prison,adaptive,14,4,0.16666666666666666,1.0,0.5119047619047619,0.17857142857142858,3.9047619047619047,6.7351190476190474,3.0853658536585367,66.28571428571429
3,35,prison,cooperative,14,4,0.2619047619047619,1.0,0.5178571428571429,0.13988095238095238,3.857142857142857,6.776785714285714,2.549382716049383,62.857142857142854
3,35,prison,overburn,14,4.0,0.42857142857142855,2.0,0.5863095238095238,0.07738095238095238,3.3095238095238093,5.794642857142857,3.5035971223021583,54.142857142857146
3,35,prison,sustain,14,5,0.023809523809523808,1.0,0.7261904761904762,0.32142857142857145,2.1904761904761907,7.636904761904762,4.369565217391305,67.85714285714286
5,25,none,basic_only,14,4,0.32857142857142857,1.0,1.0,0.13392857142857142,0.0,10.51607142857143,,101.35714285714286
5,25,none,spend_early,14,8.0,0.9142857142857143,2.4285714285714284,0.3196428571428571,0.010714285714285714,5.442857142857143,7.144642857142857,4.986876640419948,67.52941176470588
5,25,none,save_ultimate,14,4,0.3,1.7857142857142858,0.8839285714285714,0.11607142857142858,0.9285714285714286,9.98392857142857,1.1538461538461537,96.12
5,25,none,adaptive,14,5.0,0.8285714285714286,2.0,0.6696428571428571,0.025,2.642857142857143,7.742857142857143,3.016216216216216,78.78571428571429
5,25,none,cooperative,14,4.0,0.7428571428571429,2.0,0.6589285714285714,0.033928571428571426,2.7285714285714286,7.753571428571429,2.445026178010471,76.71428571428571
5,25,none,overburn,14,8,0.9571428571428572,2.7142857142857144,0.7178571428571429,0.005357142857142857,2.257142857142857,6.926785714285714,2.911392405063291,64.42105263157895
5,25,none,sustain,14,4,0.21428571428571427,1.0,0.9553571428571429,0.15178571428571427,0.35714285714285715,10.444642857142858,2.64,103.35714285714286
5,25,deck,basic_only,14,4.0,0.7428571428571429,2.0,1.0,0.039285714285714285,0.0,7.757142857142857,,76.92857142857143
5,25,deck,spend_early,14,5,0.9857142857142858,3.0,0.3625,0.0017857142857142857,5.1,5.858928571428572,3.834733893557423,56.92857142857143
5,25,deck,save_ultimate,14,3,0.8142857142857143,2.0,0.975,0.025,0.2,7.5910714285714285,0.14285714285714285,76.46428571428571
5,25,deck,adaptive,14,5.5,0.9142857142857143,2.4285714285714284,0.6892857142857143,0.010714285714285714,2.4857142857142858,7.203571428571428,3.0689655172413794,66.5
5,25,deck,cooperative,14,5.5,0.9428571428571428,2.5714285714285716,0.6678571428571428,0.007142857142857143,2.657142857142857,7.203571428571428,2.6559139784946235,63.19444444444444
5,25,deck,overburn,14,,1.0,3.0,0.7875,0.0,1.7,6.041071428571429,2.8151260504201683,58.095238095238095
5,25,deck,sustain,14,4,0.6142857142857143,2.0,0.9303571428571429,0.075,0.5571428571428572,8.744642857142857,4.256410256410256,83.96428571428571
5,25,offer,basic_only,14,4,0.5,2.0,1.0,0.08392857142857142,0.0,9.066071428571428,,88.32142857142857
5,25,offer,spend_early,14,3,0.9857142857142858,3.0,0.36428571428571427,0.0017857142857142857,5.085714285714285,6.5285714285714285,4.466292134831461,60.95238095238095
5,25,offer,save_ultimate,14,4,0.6142857142857143,2.0,0.9428571428571428,0.05714285714285714,0.45714285714285713,8.485714285714286,0.96875,85.78571428571429
5,25,offer,adaptive,14,4.5,0.8857142857142857,2.0,0.6910714285714286,0.014285714285714285,2.4714285714285715,7.3410714285714285,2.722543352601156,71.35714285714286
5,25,offer,cooperative,14,3,0.9571428571428572,2.0,0.7035714285714286,0.005357142857142857,2.3714285714285714,7.358928571428572,2.2771084337349397,67.85714285714286
5,25,offer,overburn,14,4.0,0.9428571428571428,2.9285714285714284,0.7678571428571429,0.007142857142857143,1.8571428571428572,6.541071428571429,2.9384615384615387,61.24390243902439
5,25,offer,sustain,14,4.0,0.4,1.2857142857142858,0.9071428571428571,0.12321428571428572,0.7428571428571429,9.975,4.826923076923077,92.11111111111111
5,25,prison,basic_only,14,4.0,0.7428571428571429,2.0,1.0,0.039285714285714285,0.0,7.757142857142857,,76.92857142857143
5,25,prison,spend_early,14,5,0.9857142857142858,3.0,0.3625,0.0017857142857142857,5.1,5.858928571428572,3.834733893557423,56.92857142857143
5,25,prison,save_ultimate,14,3,0.8142857142857143,2.0,0.975,0.025,0.2,7.5910714285714285,0.14285714285714285,76.46428571428571
5,25,prison,adaptive,14,5.5,0.9142857142857143,2.4285714285714284,0.6892857142857143,0.010714285714285714,2.4857142857142858,7.203571428571428,3.0689655172413794,66.5
5,25,prison,cooperative,14,5.5,0.9428571428571428,2.5714285714285716,0.6678571428571428,0.007142857142857143,2.657142857142857,7.203571428571428,2.6559139784946235,63.19444444444444
5,25,prison,overburn,14,,1.0,3.0,0.7875,0.0,1.7,6.041071428571429,2.8151260504201683,58.095238095238095
5,25,prison,sustain,14,4.0,0.8285714285714286,2.0,0.9571428571428572,0.026785714285714284,0.34285714285714286,7.664285714285715,2.0416666666666665,76.78571428571429
5,30,none,basic_only,14,5,0.07142857142857142,0.7857142857142857,1.0,0.3535714285714286,0.0,13.417857142857143,,115.54545454545455
5,30,none,spend_early,14,6.0,0.8,2.0,0.30357142857142855,0.025,5.571428571428571,7.660714285714286,5.558974358974359,78.71428571428571
5,30,none,save_ultimate,14,4,0.24285714285714285,1.0,0.8553571428571428,0.14464285714285716,1.1571428571428573,10.7,1.6419753086419753,106.07142857142857
5,30,none,adaptive,14,4.0,0.42857142857142855,2.0,0.5714285714285714,0.09285714285714286,3.4285714285714284,9.217857142857143,2.908333333333333,90.0
5,30,none,cooperative,14,4.0,0.45714285714285713,2.0,0.5696428571428571,0.08928571428571429,3.442857142857143,9.121428571428572,2.759336099585062,87.75
5,30,none,overburn,14,6,0.9,2.0,0.725,0.0125,2.2,7.316071428571429,2.8051948051948052,72.67857142857143
5,30,none,sustain,14,4.5,0.08571428571428572,0.7142857142857143,0.8946428571428572,0.3339285714285714,0.8428571428571429,12.982142857142858,2.830508474576271,113.2
5,30,deck,basic_only,14,4.0,0.3142857142857143,2.0,1.0,0.12678571428571428,0.0,10.469642857142857,,98.32142857142857
5,30,deck,spend_early,14,7.0,0.8857142857142857,2.5,0.29285714285714287,0.014285714285714285,5.6571428571428575,7.180357142857143,4.638888888888889,66.17142857142858
5,30,deck,save_ultimate,14,4.0,0.45714285714285713,2.0,0.9160714285714285,0.08392857142857142,0.6714285714285714,8.942857142857143,0.9148936170212766,88.46428571428571
5,30,deck,adaptive,14,6,0.8428571428571429,2.0,0.7,0.019642857142857142,2.4,7.5946428571428575,3.0952380952380953,77.14285714285714
5,30,deck,cooperative,14,5.0,0.8285714285714286,2.0,0.6910714285714286,0.023214285714285715,2.4714285714285715,7.583928571428571,2.7109826589595376,72.28571428571429
5,30,deck,overburn,14,5,0.9,2.7142857142857144,0.7339285714285714,0.0125,2.1285714285714286,6.9053571428571425,2.771812080536913,65.36842105263158
5,30,deck,sustain,14,4.0,0.2857142857142857,1.3571428571428572,0.9160714285714285,0.14464285714285716,0.6714285714285714,10.541071428571428,3.765957446808511,100.0
5,30,offer,basic_only,14,4,0.18571428571428572,1.0,1.0,0.18214285714285713,0.0,10.775,,109.92857142857143
5,30,offer,spend_early,14,3,0.9571428571428572,2.0,0.31607142857142856,0.005357142857142857,5.4714285714285715,7.323214285714286,5.198433420365535,73.92857142857143
5,30,offer,save_ultimate,14,4,0.24285714285714285,1.2857142857142858,0.8589285714285714,0.14107142857142857,1.1285714285714286,10.2625,0.9493670886075949,99.27777777777777
5,30,offer,adaptive,14,4.0,0.6285714285714286,2.0,0.6357142857142857,0.05178571428571429,2.914285714285714,8.316071428571428,3.0980392156862746,83.17857142857143
5,30,offer,cooperative,14,7.0,0.6857142857142857,2.0,0.6375,0.04285714285714286,2.9,8.282142857142857,2.684729064039409,79.14285714285714
5,30,offer,overburn,14,4.0,0.8857142857142857,2.142857142857143,0.7160714285714286,0.014285714285714285,2.2714285714285714,7.210714285714285,2.830188679245283,67.4
5,30,offer,sustain,14,5,0.1,1.0,0.8767857142857143,0.225,0.9857142857142858,11.441071428571428,4.695652173913044,110.85714285714286
5,30,prison,basic_only,14,4.0,0.3142857142857143,2.0,1.0,0.12678571428571428,0.0,10.469642857142857,,98.32142857142857
5,30,prison,spend_early,14,7.0,0.8857142857142857,2.5,0.29285714285714287,0.014285714285714285,5.6571428571428575,7.180357142857143,4.638888888888889,66.17142857142858
5,30,prison,save_ultimate,14,4.0,0.45714285714285713,2.0,0.9160714285714285,0.08392857142857142,0.6714285714285714,8.942857142857143,0.9148936170212766,88.46428571428571
5,30,prison,adaptive,14,6,0.8428571428571429,2.0,0.7,0.019642857142857142,2.4,7.5946428571428575,3.0952380952380953,77.14285714285714
5,30,prison,cooperative,14,5.0,0.8285714285714286,2.0,0.6910714285714286,0.023214285714285715,2.4714285714285715,7.583928571428571,2.7109826589595376,72.28571428571429
5,30,prison,overburn,14,5,0.9,2.7142857142857144,0.7339285714285714,0.0125,2.1285714285714286,6.9053571428571425,2.771812080536913,65.36842105263158
5,30,prison,sustain,14,4,0.3,2.0,0.9517857142857142,0.13392857142857142,0.38571428571428573,10.423214285714286,2.5555555555555554,98.5
5,50,none,basic_only,14,5.0,0.0,0.0,1.0,0.5517857142857143,0.0,16.457142857142856,,
5,50,none,spend_early,14,4.0,0.11428571428571428,1.0,0.21785714285714286,0.22321428571428573,6.257142857142857,11.101785714285715,8.627853881278538,111.5
5,50,none,save_ultimate,14,5.0,0.0,1.0,0.5,0.5,4.0,15.367857142857142,1.5464285714285715,113.42857142857143
5,50,none,adaptive,14,5.0,0.02857142857142857,1.0,0.46785714285714286,0.30892857142857144,4.257142857142857,12.476785714285715,2.9161073825503356,115.57142857142857
5,50,none,cooperative,14,5.0,0.05714285714285714,1.0,0.45357142857142857,0.30714285714285716,4.371428571428571,12.217857142857143,1.957516339869281,109.71428571428571
5,50,none,overburn,14,4.0,0.4,1.6428571428571428,0.5339285714285714,0.10714285714285714,3.7285714285714286,9.951785714285714,3.2528735632183907,96.08695652173913
5,50,none,sustain,14,5.0,0.0,0.0,0.6267857142857143,0.5303571428571429,2.9857142857142858,16.710714285714285,4.339712918660287,
5,50,deck,basic_only,14,5.0,0.0,0.0,1.0,0.5428571428571428,0.0,16.47142857142857,,
5,50,deck,spend_early,14,4.0,0.22857142857142856,1.0,0.21607142857142858,0.15535714285714286,6.271428571428571,10.507142857142858,7.993166287015946,103.07142857142857
5,50,deck,save_ultimate,14,4.0,0.02857142857142857,1.0,0.6928571428571428,0.30714285714285716,2.4571428571428573,11.960714285714285,1.3895348837209303,112.0
5,50,deck,adaptive,14,5,0.12857142857142856,1.0,0.49642857142857144,0.16964285714285715,4.0285714285714285,10.905357142857143,3.0886524822695036,113.0
5,50,deck,cooperative,14,4,0.21428571428571427,1.0,0.5017857142857143,0.1732142857142857,3.9857142857142858,10.851785714285715,2.5161290322580645,107.42857142857143
5,50,deck,overburn,14,4,0.5285714285714286,2.0,0.6089285714285714,0.07321428571428572,3.1285714285714286,8.65,3.036529680365297,86.78571428571429
5,50,deck,sustain,14,5,0.014285714285714285,0.2857142857142857,0.6928571428571428,0.4857142857142857,2.4571428571428573,15.642857142857142,5.232558139534884,114.25
5,50,offer,basic_only,14,5.0,0.0,1.0,1.0,0.39285714285714285,0.0,13.725,,114.57142857142857
5,50,offer,spend_early,14,4.0,0.14285714285714285,1.0,0.2,0.19107142857142856,6.4,10.739285714285714,8.102678571428571,108.64285714285714
5,50,offer,save_ultimate,14,5.0,0.0,1.0,0.6642857142857143,0.3357142857142857,2.6857142857142855,12.635714285714286,1.9042553191489362,115.78571428571429
5,50,offer,adaptive,14,4,0.07142857142857142,1.0,0.4857142857142857,0.2642857142857143,4.114285714285714,11.566071428571428,2.7118055555555554,112.85714285714286
5,50,offer,cooperative,14,5.0,0.14285714285714285,1.0,0.5035714285714286,0.20535714285714285,3.9714285714285715,11.364285714285714,2.661870503597122,110.57142857142857
5,50,offer,overburn,14,4.0,0.4857142857142857,2.0,0.5607142857142857,0.07678571428571429,3.5142857142857142,9.153571428571428,3.3536585365853657,91.46428571428571
5,50,offer,sustain,14,4.5,0.0,1.0,0.6928571428571428,0.3607142857142857,2.4571428571428573,12.844642857142857,4.02906976744186,115.0
5,50,prison,basic_only,14,5.0,0.0,0.0,1.0,0.5428571428571428,0.0,16.47142857142857,,
5,50,prison,spend_early,14,4.0,0.22857142857142856,1.0,0.21607142857142858,0.15535714285714286,6.271428571428571,10.507142857142858,7.993166287015946,103.07142857142857
5,50,prison,save_ultimate,14,4.0,0.02857142857142857,1.0,0.6928571428571428,0.30714285714285716,2.4571428571428573,11.960714285714285,1.3895348837209303,112.0
5,50,prison,adaptive,14,5,0.12857142857142856,1.0,0.49642857142857144,0.16964285714285715,4.0285714285714285,10.905357142857143,3.0886524822695036,113.0
5,50,prison,cooperative,14,4,0.21428571428571427,1.0,0.5017857142857143,0.1732142857142857,3.9857142857142858,10.851785714285715,2.5161290322580645,107.42857142857143
5,50,prison,overburn,14,4,0.5285714285714286,2.0,0.6089285714285714,0.07321428571428572,3.1285714285714286,8.65,3.036529680365297,86.78571428571429
5,50,prison,sustain,14,5,0.014285714285714285,0.2857142857142857,0.6928571428571428,0.4857142857142857,2.4571428571428573,15.642857142857142,5.232558139534884,114.25
5,55,none,basic_only,14,5.0,0.0,0.0,1.0,0.5464285714285714,0.0,16.52857142857143,,
5,55,none,spend_early,14,4.0,0.02857142857142857,1.0,0.21071428571428572,0.3125,6.314285714285714,12.153571428571428,9.635746606334841,113.64285714285714
5,55,none,save_ultimate,14,4.0,0.0,0.0,0.44642857142857145,0.5535714285714286,4.428571428571429,16.40357142857143,1.761290322580645,
5,55,none,adaptive,14,5.0,0.0,1.0,0.38035714285714284,0.40714285714285714,4.957142857142857,14.160714285714286,2.642651296829971,115.5
5,55,none,cooperative,14,5,0.014285714285714285,1.0,0.37857142857142856,0.3982142857142857,4.9714285714285715,13.982142857142858,2.17816091954023,112.14285714285714
5,55,none,overburn,14,4,0.38571428571428573,1.2142857142857142,0.4982142857142857,0.11964285714285715,4.014285714285714,10.523214285714285,3.295373665480427,99.29411764705883
5,55,none,sustain,14,5.0,0.0,0.0,0.5410714285714285,0.5321428571428571,3.6714285714285713,16.792857142857144,3.9688715953307394,
5,55,deck,basic_only,14,5.0,0.0,0.0,1.0,0.5392857142857143,0.0,16.623214285714287,,
5,55,deck,spend_early,14,4,0.1,1.0,0.2125,0.19107142857142856,6.3,10.8,8.154195011337869,110.28571428571429
5,55,deck,save_ultimate,14,5.0,0.0,1.0,0.6625,0.3375,2.7,12.844642857142857,1.492063492063492,113.78571428571429
5,55,deck,adaptive,14,4.5,0.05714285714285714,1.0,0.4857142857142857,0.24107142857142858,4.114285714285714,11.419642857142858,2.75,112.42857142857143
5,55,deck,cooperative,14,5.0,0.17142857142857143,1.0,0.5071428571428571,0.19464285714285715,3.942857142857143,11.383928571428571,2.786231884057971,109.35714285714286
5,55,deck,overburn,14,4.0,0.45714285714285713,2.0,0.5446428571428571,0.09821428571428571,3.642857142857143,9.669642857142858,3.16078431372549,92.85714285714286
5,55,deck,sustain,14,5.0,0.0,0.2857142857142857,0.675,0.5214285714285715,2.6,16.223214285714285,4.934065934065934,115.0
5,55,offer,basic_only,14,5.0,0.0,1.0,1.0,0.3821428571428571,0.0,13.864285714285714,,115.14285714285714
5,55,offer,spend_early,14,4.0,0.08571428571428572,1.0,0.18928571428571428,0.24821428571428572,6.485714285714286,11.375,8.92511013215859,113.0
5,55,offer,save_ultimate,14,5.0,0.0,1.0,0.6357142857142857,0.36428571428571427,2.914285714285714,13.664285714285715,2.0588235294117645,115.78571428571429
5,55,offer,adaptive,14,5.0,0.0,1.0,0.4928571428571429,0.3,4.057142857142857,12.303571428571429,2.7464788732394365,115.5
5,55,offer,cooperative,14,5.0,0.08571428571428572,1.0,0.5071428571428571,0.24821428571428572,3.942857142857143,12.423214285714286,2.7572463768115942,112.28571428571429
5,55,offer,overburn,14,4.0,0.37142857142857144,1.6428571428571428,0.5125,0.12321428571428572,3.9,10.367857142857142,3.1868131868131866,96.26086956521739
5,55,offer,sustain,14,5.0,0.0,1.0,0.6446428571428572,0.36607142857142855,2.842857142857143,13.494642857142857,3.919597989949749,115.07142857142857
5,55,prison,basic_only,14,5.0,0.0,0.0,1.0,0.5392857142857143,0.0,16.623214285714287,,
5,55,prison,spend_early,14,4,0.1,1.0,0.2125,0.19107142857142856,6.3,10.8,8.154195011337869,110.28571428571429
5,55,prison,save_ultimate,14,5.0,0.0,1.0,0.6625,0.3375,2.7,12.844642857142857,1.492063492063492,113.78571428571429
5,55,prison,adaptive,14,4.5,0.05714285714285714,1.0,0.4857142857142857,0.24107142857142858,4.114285714285714,11.419642857142858,2.75,112.42857142857143
5,55,prison,cooperative,14,5.0,0.17142857142857143,1.0,0.5071428571428571,0.19464285714285715,3.942857142857143,11.383928571428571,2.786231884057971,109.35714285714286
5,55,prison,overburn,14,4.0,0.45714285714285713,2.0,0.5446428571428571,0.09821428571428571,3.642857142857143,9.669642857142858,3.16078431372549,92.85714285714286
5,55,prison,sustain,14,5.0,0.0,0.2857142857142857,0.675,0.5214285714285715,2.6,16.223214285714285,4.934065934065934,115.0
7,25,none,basic_only,14,4.0,0.8163265306122449,2.0,1.0,0.029336734693877552,0.0,10.489795918367347,,108.39285714285714
7,25,none,spend_early,14,,1.0,3.0714285714285716,0.3979591836734694,0.0,4.816326530612245,7.5561224489795915,3.3453389830508473,71.74418604651163
7,25,none,save_ultimate,14,4,0.8469387755102041,2.0,0.9808673469387755,0.01913265306122449,0.15306122448979592,10.34311224489796,1.1333333333333333,108.92857142857143
7,25,none,adaptive,14,4.0,0.9387755102040817,3.0,0.6964285714285714,0.007653061224489796,2.4285714285714284,8.785714285714286,3.189075630252101,85.0
7,25,none,cooperative,14,4.0,0.9183673469387755,3.0,0.6862244897959183,0.01020408163265306,2.510204081632653,8.678571428571429,2.540650406504065,81.02380952380952
7,25,none,overburn,14,,1.0,3.2142857142857144,0.7908163265306123,0.0,1.6734693877551021,7.5229591836734695,3.0121951219512195,72.93333333333334
7,25,none,sustain,14,4.0,0.8163265306122449,2.0,1.0,0.029336734693877552,0.0,10.489795918367347,,108.39285714285714
7,25,deck,basic_only,14,6.5,0.9183673469387755,3.0,1.0,0.011479591836734694,0.0,9.267857142857142,,88.80952380952381
7,25,deck,spend_early,14,,1.0,4.0,0.4528061224489796,0.0,4.377551020408164,6.678571428571429,3.051282051282051,63.589285714285715
7,25,deck,save_ultimate,14,8,0.9285714285714286,3.0,0.9910714285714286,0.008928571428571428,0.07142857142857142,9.142857142857142,0.0,87.66666666666667
7,25,deck,adaptive,14,,1.0,3.0,0.7474489795918368,0.0,2.020408163265306,7.674744897959184,3.3585858585858586,75.69047619047619
7,25,deck,cooperative,14,3,0.9897959183673469,3.0,0.7436224489795918,0.0012755102040816326,2.0510204081632653,7.649234693877551,2.7611940298507465,71.11904761904762
7,25,deck,overburn,14,,1.0,4.0,0.8022959183673469,0.0,1.5816326530612246,6.565051020408164,3.167741935483871,63.982142857142854
7,25,deck,sustain,14,5,0.9285714285714286,2.5714285714285716,0.9719387755102041,0.008928571428571428,0.22448979591836735,9.808673469387756,3.0,94.75
7,25,offer,basic_only,14,3.0,0.9183673469387755,2.0,1.0,0.011479591836734694,0.0,10.017857142857142,,100.10714285714286
7,25,offer,spend_early,14,,1.0,3.642857142857143,0.41964285714285715,0.0,4.642857142857143,7.214285714285714,3.2153846153846155,68.47058823529412
7,25,offer,save_ultimate,14,3.0,0.8979591836734694,2.0,0.9872448979591837,0.012755102040816327,0.10204081632653061,9.943877551020408,0.0,97.71428571428571
7,25,offer,adaptive,14,4.0,0.9795918367346939,3.0,0.7257653061224489,0.002551020408163265,2.193877551020408,8.025510204081632,2.9953488372093022,80.47619047619048
7,25,offer,cooperative,14,4.0,0.9795918367346939,3.0,0.7219387755102041,0.002551020408163265,2.2244897959183674,8.003826530612244,2.3807339449541285,75.57142857142857
7,25,offer,overburn,14,,1.0,3.5714285714285716,0.7997448979591837,0.0,1.6020408163265305,7.313775510204081,3.089171974522293,69.04
7,25,offer,sustain,14,3,0.8877551020408163,2.0,0.9579081632653061,0.016581632653061226,0.336734693877551,10.130102040816327,3.4242424242424243,103.75
7,25,prison,basic_only,14,6.5,0.9183673469387755,3.0,1.0,0.011479591836734694,0.0,9.267857142857142,,88.80952380952381
7,25,prison,spend_early,14,,1.0,4.0,0.4528061224489796,0.0,4.377551020408164,6.678571428571429,3.051282051282051,63.589285714285715
7,25,prison,save_ultimate,14,8,0.9285714285714286,3.0,0.9910714285714286,0.008928571428571428,0.07142857142857142,9.142857142857142,0.0,87.66666666666667
7,25,prison,adaptive,14,,1.0,3.0,0.7474489795918368,0.0,2.020408163265306,7.674744897959184,3.3585858585858586,75.69047619047619
7,25,prison,cooperative,14,3,0.9897959183673469,3.0,0.7436224489795918,0.0012755102040816326,2.0510204081632653,7.649234693877551,2.7611940298507465,71.11904761904762
7,25,prison,overburn,14,,1.0,4.0,0.8022959183673469,0.0,1.5816326530612246,6.565051020408164,3.167741935483871,63.982142857142854
7,25,prison,sustain,14,6.5,0.9183673469387755,3.0,1.0,0.011479591836734694,0.0,9.267857142857142,,88.80952380952381
7,40,none,basic_only,14,5.0,0.04081632653061224,0.42857142857142855,1.0,0.4375,0.0,19.909438775510203,,160.66666666666666
7,40,none,spend_early,14,3,0.8469387755102041,2.0,0.28316326530612246,0.02295918367346939,5.73469387755102,10.28188775510204,5.190391459074733,107.0
7,40,none,save_ultimate,14,4.0,0.1836734693877551,1.0,0.8341836734693877,0.16581632653061223,1.3265306122448979,14.614795918367347,1.6923076923076923,151.57142857142858
7,40,none,adaptive,14,4,0.47959183673469385,2.0,0.5803571428571429,0.08290816326530612,3.357142857142857,12.255102040816327,3.072948328267477,125.32142857142857
7,40,none,cooperative,14,4,0.47959183673469385,2.0,0.576530612244898,0.08163265306122448,3.3877551020408165,12.313775510204081,2.641566265060241,119.10714285714286
7,40,none,overburn,14,5.5,0.8775510204081632,2.0,0.7155612244897959,0.015306122448979591,2.2755102040816326,9.941326530612244,2.8161434977578477,99.14285714285714
7,40,none,sustain,14,5,0.030612244897959183,0.5714285714285714,0.8877551020408163,0.4094387755102041,0.8979591836734694,19.89030612244898,4.0227272727272725,161.625
7,40,deck,basic_only,14,4.0,0.2857142857142857,1.0,1.0,0.13903061224489796,0.0,14.239795918367347,,140.85714285714286
7,40,deck,spend_early,14,3,0.8469387755102041,2.2857142857142856,0.29464285714285715,0.02040816326530612,5.642857142857143,9.88265306122449,5.003616636528029,96.125
7,40,deck,save_ultimate,14,4,0.37755102040816324,2.0,0.8928571428571429,0.10714285714285714,0.8571428571428571,13.709183673469388,1.2023809523809523,131.78571428571428
7,40,deck,adaptive,14,4,0.7653061224489796,2.0,0.6556122448979592,0.03188775510204082,2.7551020408163267,10.605867346938776,2.8666666666666667,110.82142857142857
7,40,deck,cooperative,14,5.0,0.7551020408163265,2.0,0.6619897959183674,0.03188775510204082,2.704081632653061,10.549744897959183,2.5358490566037735,106.89285714285714
7,40,deck,overburn,14,8,0.8673469387755102,2.9285714285714284,0.7142857142857143,0.017857142857142856,2.2857142857142856,9.465561224489797,2.9419642857142856,92.97560975609755
7,40,deck,sustain,14,4,0.17346938775510204,1.0,0.8826530612244898,0.17091836734693877,0.9387755102040817,14.71811224489796,3.6847826086956523,148.07142857142858
7,40,offer,basic_only,14,4.0,0.24489795918367346,1.0,1.0,0.1747448979591837,0.0,15.116071428571429,,152.21428571428572
7,40,offer,spend_early,14,5,0.8469387755102041,2.0,0.3086734693877551,0.01913265306122449,5.530612244897959,10.03061224489796,5.202952029520295,104.35714285714286
7,40,offer,save_ultimate,14,4,0.3163265306122449,1.0714285714285714,0.8635204081632653,0.1364795918367347,1.0918367346938775,14.448979591836734,1.5700934579439252,140.66666666666666
7,40,offer,adaptive,14,4,0.6224489795918368,2.0,0.6326530612244898,0.05612244897959184,2.938775510204082,11.488520408163266,3.1944444444444446,117.46428571428571
7,40,offer,cooperative,14,6,0.6428571428571429,2.0,0.6211734693877551,0.05357142857142857,3.0306122448979593,11.362244897959183,2.8013468013468015,113.96428571428571
7,40,offer,overburn,14,6.0,0.8775510204081632,2.0714285714285716,0.7232142857142857,0.015306122448979591,2.2142857142857144,9.85204081632653,2.7972350230414746,94.86206896551724
7,40,offer,sustain,14,4.0,0.12244897959183673,1.0,0.8673469387755102,0.25,1.0612244897959184,16.307397959183675,4.663461538461538,157.35714285714286
7,40,prison,basic_only,14,4.0,0.2857142857142857,1.0,1.0,0.13903061224489796,0.0,14.239795918367347,,140.85714285714286
7,40,prison,spend_early,14,3,0.8469387755102041,2.2857142857142856,0.29464285714285715,0.02040816326530612,5.642857142857143,9.88265306122449,5.003616636528029,96.125
7,40,prison,save_ultimate,14,4,0.37755102040816324,2.0,0.8928571428571429,0.10714285714285714,0.8571428571428571,13.709183673469388,1.2023809523809523,131.78571428571428
7,40,prison,adaptive,14,4,0.7653061224489796,2.0,0.6556122448979592,0.03188775510204082,2.7551020408163267,10.605867346938776,2.8666666666666667,110.82142857142857
7,40,prison,cooperative,14,5.0,0.7551020408163265,2.0,0.6619897959183674,0.03188775510204082,2.704081632653061,10.549744897959183,2.5358490566037735,106.89285714285714
7,40,prison,overburn,14,8,0.8673469387755102,2.9285714285714284,0.7142857142857143,0.017857142857142856,2.2857142857142856,9.465561224489797,2.9419642857142856,92.97560975609755
7,40,prison,sustain,14,4.0,0.30612244897959184,1.0,0.8992346938775511,0.13903061224489796,0.8061224489795918,14.313775510204081,2.8734177215189876,140.07142857142858
7,70,none,basic_only,14,5,0.01020408163265306,0.0,1.0,0.5344387755102041,0.0,23.220663265306122,,
7,70,none,spend_early,14,5,0.05102040816326531,1.0,0.22193877551020408,0.2576530612244898,6.224489795918367,16.035714285714285,9.178688524590164,160.07142857142858
7,70,none,save_ultimate,14,5.0,0.0,1.0,0.4655612244897959,0.5344387755102041,4.275510204081633,23.308673469387756,1.7732696897374702,159.92857142857142
7,70,none,adaptive,14,5,0.030612244897959183,1.0,0.44005102040816324,0.3520408163265306,4.479591836734694,18.331632653061224,2.8906605922551254,161.64285714285714
7,70,none,cooperative,14,5.0,0.061224489795918366,1.0,0.44387755102040816,0.32142857142857145,4.448979591836735,18.058673469387756,2.128440366972477,155.5
7,70,none,overburn,14,4.0,0.2653061224489796,1.6428571428571428,0.5229591836734694,0.13010204081632654,3.816326530612245,14.165816326530612,3.144385026737968,135.1304347826087
7,70,none,sustain,14,5.0,0.0,0.0,0.5943877551020408,0.5331632653061225,3.2448979591836733,23.321428571428573,4.261006289308176,
7,70,deck,basic_only,14,5.0,0.0,0.0,1.0,0.5433673469387755,0.0,23.09311224489796,,
7,70,deck,spend_early,14,4,0.17346938775510204,1.0,0.22704081632653061,0.16709183673469388,6.183673469387755,14.858418367346939,8.242574257425742,152.35714285714286
7,70,deck,save_ultimate,14,5,0.01020408163265306,1.0,0.6556122448979592,0.34438775510204084,2.7551020408163267,17.950255102040817,1.8037037037037038,160.35714285714286
7,70,deck,adaptive,14,4,0.11224489795918367,1.0,0.49744897959183676,0.2193877551020408,4.020408163265306,15.5625,2.766497461928934,155.57142857142858
7,70,deck,cooperative,14,5,0.15306122448979592,1.0,0.4961734693877551,0.20535714285714285,4.030612244897959,15.508928571428571,2.430379746835443,149.64285714285714
7,70,deck,overburn,14,4,0.4387755102040816,2.0,0.5688775510204082,0.09821428571428571,3.4489795918367347,12.744897959183673,2.985207100591716,126.67857142857143
7,70,deck,sustain,14,5.0,0.0,0.0,0.6772959183673469,0.5433673469387755,2.5816326530612246,23.058673469387756,4.715415019762846,
7,70,offer,basic_only,14,5.0,0.0,1.0,1.0,0.3788265306122449,0.0,18.60969387755102,,162.85714285714286
7,70,offer,spend_early,14,4.0,0.14285714285714285,1.0,0.20918367346938777,0.20790816326530612,6.326530612244898,15.14795918367347,8.475806451612904,154.64285714285714
7,70,offer,save_ultimate,14,5.0,0.0,1.0,0.625,0.375,3.0,18.348214285714285,1.7687074829931972,159.92857142857142
7,70,offer,adaptive,14,5,0.01020408163265306,1.0,0.48086734693877553,0.2844387755102041,4.153061224489796,16.543367346938776,2.742014742014742,161.0
7,70,offer,cooperative,14,5,0.11224489795918367,1.0,0.4897959183673469,0.25637755102040816,4.081632653061225,16.480867346938776,2.1925,153.78571428571428
7,70,offer,overburn,14,4.0,0.3877551020408163,1.9285714285714286,0.5408163265306123,0.10714285714285714,3.673469387755102,13.60204081632653,3.1666666666666665,130.8148148148148
7,70,offer,sustain,14,5.0,0.0,1.0,0.6543367346938775,0.40816326530612246,2.7653061224489797,19.603316326530614,4.022140221402214,163.85714285714286
7,70,prison,basic_only,14,5.0,0.0,0.0,1.0,0.5433673469387755,0.0,23.09311224489796,,
7,70,prison,spend_early,14,4,0.17346938775510204,1.0,0.22704081632653061,0.16709183673469388,6.183673469387755,14.858418367346939,8.242574257425742,152.35714285714286
7,70,prison,save_ultimate,14,5,0.01020408163265306,1.0,0.6556122448979592,0.34438775510204084,2.7551020408163267,17.950255102040817,1.8037037037037038,160.35714285714286
7,70,prison,adaptive,14,4,0.11224489795918367,1.0,0.49744897959183676,0.2193877551020408,4.020408163265306,15.5625,2.766497461928934,155.57142857142858
7,70,prison,cooperative,14,5,0.15306122448979592,1.0,0.4961734693877551,0.20535714285714285,4.030612244897959,15.508928571428571,2.430379746835443,149.64285714285714
7,70,prison,overburn,14,4,0.4387755102040816,2.0,0.5688775510204082,0.09821428571428571,3.4489795918367347,12.744897959183673,2.985207100591716,126.67857142857143
7,70,prison,sustain,14,5.0,0.0,0.0,0.6772959183673469,0.5433673469387755,2.5816326530612246,23.058673469387756,4.715415019762846,
7,75,none,basic_only,14,5.0,0.0,0.0,1.0,0.5382653061224489,0.0,23.2359693877551,,
7,75,none,spend_early,14,5,0.030612244897959183,1.0,0.22193877551020408,0.30357142857142855,6.224489795918367,16.943877551020407,9.726229508196722,161.71428571428572
7,75,none,save_ultimate,14,5.0,0.0,0.0,0.4604591836734694,0.5395408163265306,4.316326530612245,23.116071428571427,1.9030732860520094,
7,75,none,adaptive,14,5.0,0.0,1.0,0.3711734693877551,0.4017857142857143,5.030612244897959,19.57780612244898,2.845841784989858,163.57142857142858
7,75,none,cooperative,14,5,0.01020408163265306,1.0,0.3711734693877551,0.413265306122449,5.030612244897959,19.707908163265305,2.1176470588235294,157.92857142857142
7,75,none,overburn,14,4,0.2755102040816326,1.2142857142857142,0.5012755102040817,0.1326530612244898,3.989795918367347,14.40688775510204,3.1969309462915603,139.94117647058823
7,75,none,sustain,14,5.0,0.0,0.0,0.5318877551020408,0.5306122448979592,3.7448979591836733,23.352040816326532,3.844686648501362,
7,75,deck,basic_only,14,5.0,0.0,0.0,1.0,0.5357142857142857,0.0,23.20408163265306,,
7,75,deck,spend_early,14,4.0,0.14285714285714285,1.0,0.20790816326530612,0.18239795918367346,6.336734693877551,15.121173469387756,8.202898550724637,155.92857142857142
7,75,deck,save_ultimate,14,5.0,0.0,1.0,0.5905612244897959,0.4094387755102041,3.2755102040816326,19.613520408163264,1.7476635514018692,161.07142857142858
7,75,deck,adaptive,14,4,0.01020408163265306,1.0,0.47066326530612246,0.29846938775510207,4.23469387755102,16.542091836734695,2.544578313253012,160.78571428571428
7,75,deck,cooperative,14,4,0.1326530612244898,1.0,0.475765306122449,0.25255102040816324,4.1938775510204085,16.482142857142858,2.321167883211679,153.42857142857142
7,75,deck,overburn,14,4,0.37755102040816324,1.9285714285714286,0.5293367346938775,0.11479591836734694,3.7653061224489797,13.89795918367347,3.024390243902439,131.77777777777777
7,75,deck,sustain,14,4.0,0.0,0.0,0.6288265306122449,0.5497448979591837,2.9693877551020407,22.863520408163264,4.240549828178694,
7,75,offer,basic_only,14,4.0,0.0,1.0,1.0,0.39540816326530615,0.0,18.757653061224488,,162.64285714285714
7,75,offer,spend_early,14,5.0,0.061224489795918366,1.0,0.20408163265306123,0.24744897959183673,6.36734693877551,16.036989795918366,8.841346153846153,157.57142857142858
7,75,offer,save_ultimate,14,4.0,0.0,1.0,0.6045918367346939,0.39540816326530615,3.163265306122449,18.970663265306122,1.735483870967742,160.85714285714286
7,75,offer,adaptive,14,4,0.01020408163265306,1.0,0.4375,0.35331632653061223,4.5,17.836734693877553,2.45124716553288,159.14285714285714
7,75,offer,cooperative,14,5,0.05102040816326531,1.0,0.45408163265306123,0.30739795918367346,4.36734693877551,17.71811224489796,2.3130841121495327,155.71428571428572
7,75,offer,overburn,14,4,0.29591836734693877,1.4285714285714286,0.5216836734693877,0.1364795918367347,3.826530612244898,14.360969387755102,3.037333333333333,137.6
7,75,offer,sustain,14,4.0,0.0,0.9285714285714286,0.6020408163265306,0.42346938775510207,3.183673469387755,19.668367346938776,3.5,159.3846153846154
7,75,prison,basic_only,14,5.0,0.0,0.0,1.0,0.5357142857142857,0.0,23.20408163265306,,
7,75,prison,spend_early,14,4.0,0.14285714285714285,1.0,0.20790816326530612,0.18239795918367346,6.336734693877551,15.121173469387756,8.202898550724637,155.92857142857142
7,75,prison,save_ultimate,14,5.0,0.0,1.0,0.5905612244897959,0.4094387755102041,3.2755102040816326,19.613520408163264,1.7476635514018692,161.07142857142858
7,75,prison,adaptive,14,4,0.01020408163265306,1.0,0.47066326530612246,0.29846938775510207,4.23469387755102,16.542091836734695,2.544578313253012,160.78571428571428
7,75,prison,cooperative,14,4,0.1326530612244898,1.0,0.475765306122449,0.25255102040816324,4.1938775510204085,16.482142857142858,2.321167883211679,153.42857142857142
7,75,prison,overburn,14,4,0.37755102040816324,1.9285714285714286,0.5293367346938775,0.11479591836734694,3.7653061224489797,13.89795918367347,3.024390243902439,131.77777777777777
7,75,prison,sustain,14,4.0,0.0,0.0,0.6288265306122449,0.5497448979591837,2.9693877551020407,22.863520408163264,4.240549828178694,
